Underlying Price (Low Vol),Total Profit (Low Vol),Total Profit (Medium Vol),Total Profit (High Vol)
101.15981805884833,0.0,0.0,0.0
100.72230681553789,215.36302590762904,179.3508314183095,1087.1566372213401
100.09329601418551,229.30976881123482,194.8559289036031,1759.030912087267
100.85196112532245,202.20309131181747,381.9977625519694,2223.6903836292367
100.63774138309125,282.4288973534554,276.43447088290657,2735.441401013816
100.5068595479768,303.30009168619114,403.36107108747655,3148.3730927448205
99.86361306588243,349.0810439098682,878.5570380752379,3889.2689914641824
99.95906560616199,304.3479400821427,1238.5192596008405,4632.089985491832
100.14354195173185,302.67696247042994,1354.5216383529284,5223.5680419745695
100.16710732363903,318.7753985904734,1429.9803881268401,5657.504124620236
100.80683208299344,327.9902281288335,1147.9423554779833,5399.2716780352885
100.97764501878174,400.00314029281634,1097.448695977756,5726.309917458421
100.57892994198936,457.1236952280712,1519.1670852656516,4903.394097919394
101.62822247103685,465.7996307929187,1281.700785798525,5767.107516275653
101.68301443427588,599.3527893139682,1264.8642442561443,5536.375919763703
101.25657974518221,685.9323173039842,1515.1874638915594,5361.268527913459
101.93321821422994,727.1056419715285,1734.051820524995,5450.019440118064
101.51603364978412,857.2841910973025,1755.136151513239,6518.903890238498
101.51193227767827,911.9070435624451,1737.0895419792714,6795.874053532374
101.4312143349956,986.981032387966,2047.7480588900562,6967.419348494838
101.53394942613166,1054.1845751048882,1740.662987183861,6756.610231999983
101.21231103711396,1135.7072222238482,2127.2624480095546,6377.9641552991825
101.05847921839546,1179.9290942124662,2501.322824172898,6715.667480620672
101.33608625176362,1224.8404861836075,2919.0947556745273,7187.097755941769
100.42486167977975,1305.2314731577949,3308.018792226785,7225.326934398549
101.09387718804277,1280.5904109425371,3515.694873015088,6877.095599089628
101.70462223747133,1368.4049459830967,3321.207032846992,7095.235518558014
102.77893918669632,1483.823217998324,3519.832774824819,7249.950764200399
103.61430088848726,1676.1281791807162,3751.8075963305882,7234.724106203301
103.99184841723105,1898.2545065473287,3637.1994836710865,7792.167030556837
105.11030612160488,2116.3433299163335,3845.9541648423005,8455.15524150278
105.23033837266429,2427.4119663971596,4064.6335677676857,8380.263685732858
105.29747740499636,2694.56075756966,4571.864061257725,8976.468089046904
105.11091698031719,2962.4275628008577,5313.768144238825,9768.76054616729
105.87934713581362,3208.2589694779717,5728.862515849777,9768.237246329603
105.97767728926506,3540.2688459467186,6232.356631032782,10153.126844184317
105.36532260156604,3843.7074294996637,6375.065508045333,11357.701998061311
105.71717164268757,4080.9769279241245,6741.201174767688,12007.309586951993
106.8601331679734,4384.023921883569,6951.969947627111,12291.821244649504
107.31670804464856,4783.777603868553,7431.969983589017,12558.166281872614
106.77947122515548,5172.060600887466,7746.526989116069,12080.568303682774
106.2010997357199,5483.799225703383,8348.655618793327,12527.113521287876
105.95323350153139,5764.561468243123,8400.557029911455,12746.562144616038
105.74350689723786,6049.457892466458,8722.82937335589,12249.85748991309
105.82539039607815,6325.770112553042,9311.346080895582,12327.882592086655
106.03017456538038,6620.752752835412,9765.163468071732,12373.900901350686
106.74405605869477,6932.103736381367,9998.90078320687,12725.964774034048
105.68240118760124,7304.6405442797095,10827.805284153914,12662.89373017543
104.96799509581336,7535.322563448044,10956.32484662684,12850.22152185203
105.20282449920447,7747.631324148584,11453.078492789291,13068.899130791167
105.50419474831718,8019.138546933396,11664.771288043037,12635.560217778688
106.2068304810732,8309.02697374411,12392.73832010682,13091.750625778197
106.46541964619733,8654.112872321024,12904.845225510986,13080.303804232703
106.53909151536463,8989.927346963099,13379.393110855186,13390.270417671918
106.46961940711893,9320.182314274809,13771.327552568211,13552.579226790627
105.21264793720664,9639.838255424396,14343.91570324596,13708.704722460685
104.88495629541472,9837.262834348618,15157.681470636657,13760.6417247354
104.85700282920496,10064.76328938804,15701.947635996463,13520.626256428122
104.59961757023063,10305.85930851775,16344.847133872008,13860.74354365931
103.67530564232219,10522.63516116228,16812.526944828216,14078.80477514498
104.41715910786833,10659.817779719513,17477.654667540868,14097.980012438467
105.0999089731733,10917.393233825336,18353.6152860597,14073.010343242086
105.46578321899571,11206.150364202205,18995.59940454035,14582.891108921198
105.2700089363181,11497.367272392616,19663.834835738286,15068.986123590388
105.82686663667513,11750.69601665826,19860.52531862486,15740.47088258667
105.49519681186777,12069.515107659035,20717.96404074954,16545.98027099064
105.33170173080953,12327.324270325611,21331.487625656835,17028.300691132335
105.37669404968678,12585.364120890383,21853.783656925774,18003.144283095826
104.66053818485976,12856.097162348424,22383.92587204824,18664.500329155304
104.75950131441081,13052.953118312289,22734.316274325094,18871.606550852724
104.7892668296801,13295.513693089897,22970.584068654513,19129.76438214501
104.30819614194778,13536.115557706464,23282.797410214986,19247.755050382835
103.62762226935966,13727.133518788076,24060.188109656356,19902.07316401303
103.59559222095574,13874.13961231841,24744.18871616469,20760.989376424684
104.19694217693372,14051.955343148275,25230.417342476772,21263.18541359777
104.3703047662828,14291.510882118237,25622.110961166778,22236.39718756156
104.38012197601519,14518.337180690416,26107.36783548778,23258.843926738504
105.52005195606282,14737.447560212624,26500.953368811137,24254.73724880779
105.04020363739237,15070.087372399004,27452.3150652805,25300.553491513776
106.0833733862384,15297.712493274345,27901.0403261905,26274.14719989212
104.76443525095927,15653.694858566063,28648.603813675305,27220.579796458307
104.22173244544153,15825.621886964751,29016.85941186493,28432.6902049779
103.59229086097596,16009.234851920346,29508.91945682094,29280.44222684807
103.06937645633363,16157.044211739192,29835.1998810502,30316.314398012262
102.58519497105571,16284.040001148443,29904.99586766129,31102.32997762978
103.3858077502725,16388.73625197045,29929.128394431893,31961.70458710254
102.60547187487228,16597.73355167692,30374.44140664581,33466.0568546571
101.69844529191943,16688.68006320731,30781.240753731276,34521.79872695026
102.12604933531728,16727.91780116171,30801.083898486013,36784.436063595385
100.62329445550671,16855.311903082984,31020.74101321356,38395.192904511845
101.04150341465028,16811.019905606932,31690.220824118853,40109.8709767882
100.49464913247202,16883.70620296357,32078.930921613744,41917.34842132595
100.40208717837997,16880.79192165034,32197.499867309874,43107.902215264054
100.54300273404615,16895.95929192697,32399.0714433255,44531.57004443398
99.98220595790835,16933.420824749872,32954.782783632,45601.91731552537
99.40985799249947,17020.432143699527,32580.33745139092,46186.93862712728
100.02815686224173,16902.996843219637,33297.3561713276,47023.19952526946
100.60241711875682,16935.004333012956,33382.11868080108,47209.00790311391
100.63574964690389,16993.52950370828,33814.6811885573,47572.83704034227
101.38817684631844,17026.65578460823,34313.02344521139,47824.74871480645
100.55292374716993,17133.389657176453,34296.59410646774,48987.73786084034
100.30793413883103,17118.97237129863,34654.43264674074,49860.98235875304
99.94411740656122,17132.99933729849,34841.7431530355,50635.833354919036
98.42065494390239,17421.973403236072,35383.540362183,51373.75189318583
97.92156003135354,17524.268472673615,35953.0485728657,51793.01244033714
97.50825899575165,17685.575597304596,36129.95653593151,52313.98981524323
98.4820628733374,17594.433011287023,36406.14420450071,52515.69936468735
98.09226485650817,17796.663582133162,36964.34802459024,53035.26719725368
98.01371797599604,17887.955360766387,37493.555417086594,53632.95890120352
96.68454629854892,18248.843941052754,38073.94363106768,54138.253729463875
96.7532506021354,18334.094935219997,38470.83004929058,54579.31471344246
95.93424971432215,18663.333604596985,38845.10290528256,55345.15108972644
96.60174772634433,18691.852356805946,39406.273897417166,55790.90757211397
98.04611052294601,18605.963745082743,39881.18880629674,56768.56195480355
99.12308532002405,18560.18279977074,40387.957006898774,58178.52651195436
98.93739393788236,18694.706811969663,40530.33356036383,58814.456411631014
97.76948938251321,18971.809668136084,40710.78089310338,59616.75229713062
98.05031642547225,18968.462880654435,41245.94700948791,60358.065423523505
97.87362551325563,19115.010472514306,42008.23162705722,60806.996682107136
98.67894848794074,19051.126446203907,42346.9044209218,61445.40856008229
98.68478911724111,19155.96787908928,42577.547404742385,62064.138327149616
98.96186033465568,19166.300883730193,43145.58320754543,62588.36973860547
98.92434351628471,19239.25699932922,43512.547827213646,63484.13726490335
100.15609737245197,19075.736156917075,43942.242441347196,64187.498585359026
100.38745658638474,19144.820673742634,44841.07076849091,65261.216149146254
100.62024746453426,19175.450374260054,45201.10541421906,66116.61628529955
100.14840282007968,19217.806496137957,45690.44046640605,67242.6107015887
101.63921995673428,19201.293714437,46145.51630291954,68300.12836998746
100.57885880714956,19357.501828636894,46943.01671729627,69729.58951137269
99.48277661715707,19436.571672120856,47615.86902536953,71076.93754269306
99.96624228213236,19310.638746723947,48017.19946138847,71969.74842991846
100.68514387697003,19329.430794855787,48694.25553501969,73526.426359371
100.99314966878154,19399.31615342519,49149.536301488675,75255.9897078683
100.87863805667577,19464.06399281106,50054.10987595866,77070.8833902702
101.37805731632128,19501.945907844074,50851.873367026514,79088.57861819383
101.8300388077312,19595.49007037852,51584.00435407331,81285.56454732336
102.24148036202818,19709.256597350664,52333.88274764513,83653.14764150526
101.25379821468712,19841.599233658046,52981.295071296794,85528.22765335857
100.1709350120397,19854.616892091824,53588.79773338102,87379.07561866462
100.66508886321476,19808.70541240615,53980.224286301236,89468.24152359358
100.08928898427092,19866.37387276727,55087.62792539439,91424.91535204205
100.9334858487358,19841.725218158357,55788.775052389436,94276.62103352019
100.85905911050494,19930.299153597553,56919.0856103526,96131.04732422634
101.17878605382333,19969.211291542295,57709.27475020848,99104.9035481166
100.80121347348101,20043.83143406777,58384.819127210125,101360.45902795812
101.03696219247757,20064.696933482857,59232.41152461314,103890.42236280968
99.94556715474712,20138.931766555805,59938.85231515613,107038.13733698783
99.48474113150141,20178.942028986825,60762.44089330944,109971.13173825838
99.5109971008104,20176.109238159162,61474.240162703085,112700.86520827576
100.39850451124835,20103.764663649174,62444.388074917966,115067.8138590739
99.96091163364851,20175.587566325306,63146.49118797602,117798.18911506375
99.86787055257685,20173.968980783524,63762.7530644368,120158.54878811637
99.8525667823053,20178.683013996488,64347.23862440506,123028.85503349455
99.35573560859618,20284.347733440514,65266.98184067542,125291.07571484505
100.62510614454597,20162.554773135467,65806.3368892165,127358.77969282863
100.84895773825666,20256.96466063894,66686.0355089623,129962.40568187265
100.64851975348131,20310.299302174313,67643.16181420471,132204.436244312
100.58419808251062,20332.396632216263,68170.6599688616,134459.5383447585
100.7077641494429,20358.07964550045,68999.2587643701,137702.58508295697
101.24632682502295,20399.3229527557,69708.18953668927,140802.28256530358
101.90889422863711,20488.233998784628,70639.28074548887,143782.88599439268
101.71706947951765,20616.487252215695,71281.90974997744,146924.3008803204
101.40657567527305,20692.435239671282,71986.38985787435,149986.13650064162
102.60582879939857,20746.8898671577,72626.48577591928,152594.60535411866
103.29745837552724,20936.792105190532,73273.27740397467,155563.2888361625
103.02107787862147,21135.910821707363,73860.76172813993,158878.51958454942
103.32314418573748,21272.798563056742,74445.16732091639,162754.83179925193
102.88107921798644,21453.72738051416,74681.22701647066,166128.8490649064
101.96720073496599,21575.364399836657,75260.84976972215,170523.3244549025
100.85900193049085,21627.733751993295,75622.78103792694,174383.43530044565
100.60715449956265,21614.969289302186,76044.36917914635,178216.13493560057
101.38930745141745,21632.406413748668,76648.36827461603,182248.0099504022
101.17396385566806,21740.6669718489,77255.93007893724,186312.8494058887
101.6381875722298,21788.270653498083,77666.47397731197,191421.09304247075
101.12227188885392,21893.083335306987,78547.28230945591,196168.20726482949
101.59914218589027,21923.07415741861,79312.38349070877,200956.29457209495
102.23466236240937,22026.53746919194,80163.10697591766,205568.09285010508
100.87961938168179,22169.75277664515,80544.77208424352,209456.83579810394
100.59435764451597,22145.677578446062,81421.35214749545,213413.0636299133
100.41408888079513,22160.82933415205,81715.32471926733,217542.6790951979
99.61177495293668,22249.86529742322,82182.96895298256,221477.40954551648
100.18702014989435,22151.21369902223,82753.97134377081,225590.29531577785
100.97599478623924,22189.00402176234,82951.95144097164,228681.9479138869
101.51456897128412,22276.925802030513,83500.84440683624,232057.45239336108
100.90944387763791,22379.279003702773,84044.26339450532,235548.81206721038
100.90061158936932,22394.183349771447,84369.50895175606,239171.8425836122
101.28894949759956,22438.450510090202,84884.36793773783,242528.31688163555
100.63360857278758,22522.01516290227,85021.21969019111,245193.13008086098
100.4938192415191,22520.623942912214,85234.34872133119,248740.49421001456
100.34787721720694,22538.022813267242,85372.14927722624,251227.86171290104
99.76151605767689,22595.517545005234,85888.99554562666,254056.01552286692
101.20820478013049,22530.09715174358,85985.42324856216,257461.20366951785
101.1272859723155,22662.528224099642,86474.23340939202,260024.44367172197
101.78140000996277,22714.514920642054,86759.93996716224,263006.1221924601
101.91113429923692,22835.9640917309,87202.52588811658,266062.26185983693
100.5795045010002,22937.717298785323,87684.97813839077,268901.238223004
101.06994831815892,22899.790748825737,87870.92420368547,271658.4555976751
101.31436216415872,22977.490091503485,88302.2449210318,274881.5597262704
101.59032332745481,23055.104630313035,88663.0522042724,277719.99721738143
102.12503199227379,23148.08427822204,88965.09130907479,280040.32362477673
101.97876947957178,23280.747488486104,89573.9963736444,282389.61350482365
101.92762461314256,23372.048442592884,89597.34919673877,285143.4068523077
101.756932377761,23465.551808806704,90340.09932869503,287707.51478616527
102.14951730154675,23544.530768596745,90474.68605488316,290586.7309412259
101.0307780984027,23671.33702335773,90667.29994688995,293344.97333177825
101.05279331706531,23666.6249956097,90908.55920316087,296509.23244621535
100.80912456426555,23720.058071470547,91262.11567144853,299865.46219179605
100.66801108326287,23748.024012375005,91480.08780679846,304213.8551649407
101.33059210171815,23774.04298123745,91544.60709894077,307507.5988684362
100.55516721431978,23873.404500595876,91740.56230894526,311293.75899790315
101.31510375265482,23862.06464141816,91815.69732485198,314748.96774644655
100.44044366384013,23965.52230078118,91853.61919568758,317654.54486577463
99.5303439967483,24037.441830766376,92420.80601489935,320178.5176132364
99.20981615517073,24079.21744090808,92583.82128669682,322935.8170714306
100.11148496716034,23944.36610478258,93540.90145823604,325956.4421053835
100.56241449713883,23994.710620267724,93493.73358898655,328784.20212096575
101.27949735516535,24045.05186608082,93871.91782792516,330776.8277887819
101.1127097264897,24144.56857975314,94081.66021757408,333166.05365584814
101.34447236839159,24191.544193588707,94748.49993330118,335564.5941270756
100.75636333995377,24270.053756797333,94533.2635045673,337852.0758809395
100.52076164289967,24278.162765293837,94510.93405132162,341048.43864604324
100.62127131029533,24292.1113794334,95085.2942946957,344354.18798956857
100.15806476635458,24327.904395161062,95363.47175727779,347555.7719275786
100.2591036099646,24312.342624429857,95437.35806032857,351189.9129017164
100.89505981127378,24330.029843900422,95148.73967279764,353981.90405121265
100.14170700651874,24406.28859592495,95327.0490318304,357093.4102049309
98.4875235109858,24677.882271336217,95875.18766976218,359830.2178992819
98.35120797791761,24697.747531871028,95635.87429372146,363427.5204806406
97.71278362000497,24900.7357484191,95791.4208807289,366527.1731136031
98.42195774141408,24841.03444316444,95489.74167360687,369728.3419881253
97.9420727079177,25051.054504177184,95824.84833512576,373117.7798332458
98.00261051760766,25117.535497206783,95633.18405836601,375927.2501142681
97.10953851686554,25398.71977722493,95839.11847877495,379023.02281122067
96.1184716371239,25696.46851912618,95811.02649967597,381441.07887817535
97.00510786930685,25663.349589055022,95951.68522791531,383847.15530963044
95.83281655224093,26091.54689428866,96082.01576486728,386695.829181154
96.7502887405168,26057.480737494643,96252.97818534328,389178.88657607685
97.96130688589048,26023.330487083076,96473.42861333724,392031.64644635236
97.95128728613085,26187.50555888297,96636.33599163583,394674.62711699767
98.1654360228026,26246.299124347413,96762.56890929339,396687.6501411093
98.585872355834,26264.340537595413,97278.0196994257,398943.34304751054
97.49366398883436,26574.18522004456,97646.73468887268,400678.0411396032
97.47778707165486,26647.749219059842,98039.62611724332,402913.5248685081
97.37011772611726,26794.280725864308,98541.61126381843,405319.2930443254
98.12024157155285,26770.058695752366,98993.26178741294,407320.00852515514
97.6343631994052,26998.408523269827,99333.77034371979,408975.15064190736
97.14583138694437,27189.77940828137,99885.92405095791,410797.6688619106
97.54553028177291,27227.80708594964,100429.54034813675,412341.70412158204
97.89849937306462,27299.60945862333,101035.65682747959,413884.3525314014
97.7158086383635,27458.553823300237,101421.52469273425,416393.2940364352
97.61170633303477,27584.13186894094,101755.99506790668,418184.78990106354
98.18145468958748,27584.08302413355,102237.23972926353,420313.57131534844
98.4560362379175,27648.272512140313,102922.8008836224,422318.48643681174
98.76192721354232,27677.7150572633,103220.76465973163,424253.16371605446
98.66650537696322,27773.68761026803,103837.68172699185,426083.9007233552
99.38983825293442,27690.625466594574,104469.6625853764,427942.2247540515
99.04635074733636,27825.688618908716,105103.0457821376,429650.6658080178
98.57073924036975,27951.00567354945,105839.69390067519,431082.6237895865
98.59483955334568,27993.55840616651,106414.90309929044,432312.944681848
97.6603280129821,28251.60083293605,106878.46403052688,433220.3520894942
96.95536154032278,28462.525902566103,107420.83254495551,434608.23583510396
98.0793185988864,28354.412513133873,107887.3309316612,435973.2083953905
98.83441231770477,28355.32281889632,108373.85571503504,437292.84794052376
99.54954889894346,28308.03142550262,108993.85977707646,438826.0146682417
99.2420299994485,28427.50713109407,109618.77886050162,440638.89090393763
99.3017604500786,28437.779126457182,109993.1638935198,442200.0891985023
98.93648098743935,28548.42351742328,110423.23317896225,443277.287533997
97.81677161309337,28806.954249224218,110880.66371421439,444474.53751510906
97.62419703980747,28898.327135866697,111284.10392679139,445999.0950903382
97.65943282025235,29000.125261803256,111659.85560329593,447089.0373914083
97.40295627299166,29169.8907446231,112092.01630891286,448626.7207728962
97.44230361874432,29278.7320060167,112448.7387610707,450326.106852291
97.29968996689513,29436.787022271164,112774.10390982286,452440.44888746936
96.88117749940763,29648.04957348667,113084.45502399404,453464.16282541293
97.20872980869993,29717.237367258283,113425.55519406046,454870.1702707317
97.34630612800015,29845.345615604987,113778.50411234851,455538.84295289486
97.04237641191753,30045.372237513384,114142.43714950736,456253.9399420903
96.53890760505223,30278.422940558023,114448.98672511635,457002.7528752513
95.34742031518597,30664.260669466577,115002.81207917201,458129.3234018893
94.71738263891986,30962.981435881928,115474.72904710755,458864.7943057696
92.95431586420162,31547.8621138099,115843.01761965023,459640.5510900799
92.82357566337292,31837.789871877885,116405.59952753969,460560.86964457267
91.91734351596517,32370.957585928933,116803.81058775984,461552.25327132194
91.0978220298058,32893.31504809597,117172.68262791308,462307.20870563114
90.38494767954514,33439.65044686315,117559.12072321633,463069.5373044868
90.50795096033283,33859.793105895005,117590.60181864882,463435.39701844787
91.01414573549121,34238.94740926965,117762.72371529356,463884.23328303295
92.35995754330919,34444.04344007487,118122.60104080233,464674.4491077618
91.99878761261895,34965.21160276213,118685.52976081712,464885.2712511638
92.09740987752576,35327.134644840306,119182.0122558918,465204.8138282928
91.4039809808227,35865.516017414564,119680.12764103618,465741.0843677424
90.51346068389769,36438.37694350598,120097.7792485033,466337.1191113113
91.09011223048192,36752.489252494444,120372.83706464476,467000.2704792983
91.2549189973051,37193.494803015274,120464.3156933504,467381.1204549921
92.00013288944847,37489.595630489974,120632.71532255762,468340.09899797646
90.96529009552106,38133.44775254131,120826.08715038058,469462.7787166298
90.7095931267068,38584.21367910485,120988.73580053599,470619.6563382315
90.68326807505244,39040.84878326082,121406.67970038901,471515.93594412465
89.8135290803485,39678.93953239687,121756.8256695426,472285.04787548044
88.81370150762076,40344.356340307335,121905.09989370836,472875.4495343075
88.35460861031463,40945.11373436113,122159.10501803167,473654.57188351965
88.82460200881046,41410.05504144878,122520.57037560784,474837.10976750834
88.75681353035179,42005.50312980015,122869.84748908161,476118.06929922913
88.50424547011673,42614.40440314851,123405.04061129656,477109.11800501583
88.38523311059294,43199.984062080934,123918.94424533115,478474.10071355477
88.60648371558922,43730.143461716085,124536.53991202003,479603.3986708444
88.51870251877291,44328.05706199896,125470.84182917025,480469.5755472955
89.77052942151079,44647.004652166186,126111.27784608374,481259.2498893683
89.62704333627318,45249.39312817582,126588.59071814916,482400.23864271736
89.50899078546769,45784.10290382902,127489.75752412638,484379.94127584697
89.76526675781038,46251.12569334594,128251.06687003787,486353.917602505
89.6445794685354,46799.4402791728,129089.11558367233,488025.54807682516
89.07321035324092,47425.07027722985,130186.48564859267,489623.3601211652
88.48975062025418,48059.14859443663,131231.50507473285,490900.4238651286
88.92304583886603,48518.454527439615,132199.44295979413,492197.7478459518
89.09515465242772,49059.170104558834,133105.13667223387,493350.07264277874
89.06553661376749,49618.5646717776,134074.24259347763,494496.3286663795
89.72391327292229,50031.76428335479,135210.6551468005,495533.43150504393
90.09085734559112,50504.73184274258,136369.819981232,497300.3651319331
90.25265913966761,50985.8087215077,137500.08555165408,498722.86426843575
91.00248146108522,51330.943656071104,138420.75165679542,500314.9469315715
91.41932411298227,51734.58502187566,139300.48262148703,502299.7069287505
92.75566367403842,51916.85168063282,140120.21792368268,504513.2637793645
92.26266601956488,52444.12739355697,140980.06797849914,506219.314813942
92.47710156971513,52763.105940584835,141881.37589189206,507905.04255200893
92.64892547753328,53115.25760328866,142646.93046107792,509857.1062580694
92.50200769452479,53520.43256703398,143567.9975306051,512195.90295996657
91.7060263280555,54046.8189367659,144529.78405418454,514386.2592110577
92.30349951113833,54301.874222231956,145114.9387698596,516815.3203880883
93.08864184856832,54559.201554832485,145875.84979560444,518732.8228319105
93.25866235876103,54909.676478017114,146609.13314166316,521282.87305709696
93.40882853126273,55224.86606405128,147291.93130458743,524097.36653196765
93.11413349794724,55620.521688845576,147806.1901964242,526516.3687516315
91.80574461468905,56211.3915204242,148454.36036620566,528702.8378511094
91.40001744132367,56636.46724023179,149322.98295073787,531163.5800211388
92.06259898239101,56913.31277754754,149973.54432614494,533559.1008005516
92.38596474654179,57278.28771796478,150478.61487884936,535248.8242922615
91.64191356369395,57823.604290451454,151033.2987351236,537084.3218522519
91.39756807628677,58252.813223163925,151685.79661986735,539079.0125123888
91.32352258486229,58685.16538960378,152218.7299162794,540753.2875423109
91.10758515324858,59158.11071364623,152725.75549362763,543121.9180011341
91.2211462934376,59568.86169931736,153148.18153401642,545359.4112195773
91.46425892538657,59964.501866866034,153663.92177473276,547607.4047918677
92.47505151066932,60200.94043604627,154309.93830086075,549634.9457984078
93.17415518441085,60487.56386784064,154850.70898347438,551304.713825943
94.10662806548603,60676.98198979877,155646.98972159374,552969.29287562
93.31663044861888,61175.92144038148,156199.0053788362,554554.9824835311
92.5812232152633,61617.31440449017,156813.02846853595,556314.9963832889
91.50377989686314,62166.604530095305,157747.201840766,558465.2260985591
91.52784200893758,62532.3718102461,158582.10785336132,560479.5623996402
91.51748816877932,62958.894133374895,159493.24125829298,561825.1042432203
90.90627226916392,63504.37727824568,160427.38500224348,563547.5240220097
90.64131524607131,63981.12690893279,161547.45279490616,565153.237472511
90.76194878218891,64411.32276632731,162493.33357741634,566483.7191979216
90.72460782518337,64886.36000629293,163501.0309563125,568075.4312728643
90.69299710474185,65354.21934097648,164527.7519004866,569926.9979074108
90.67425152690203,65821.37265382693,165482.84121612564,571927.5213318141
90.60622432138557,66299.96200707293,166512.5899909403,573630.9630612294
90.70912454474532,66745.30507022927,167588.44135273853,575486.6796903533
91.82428745232562,66991.61184879646,168803.5428824205,577253.1495562968
91.54181703783124,67512.28851988442,170218.06575930648,579339.2930645024
91.30333918937997,67968.40717098779,171563.5122051597,581063.5702905041
91.75756490645558,68300.11665821547,172992.0705697913,582624.6093159744
91.92876745661165,68700.35388850531,174484.2382401446,584085.3603229963
92.30167787021927,69037.542282579,175847.37235377615,585344.65156144
92.50106571961727,69400.8752430438,177482.52760395056,586547.452278561
92.81095099879055,69723.46613955213,179186.08087555435,588072.7258395402
92.32757287754158,70194.73138718435,180907.6688613948,589385.9226164141
91.97421021949113,70624.49771478784,182570.51879009078,590965.21927737
92.18375901796223,70965.85606437126,184193.649149692,592278.0522775179
92.64714986207653,71274.11915835878,185869.7140091629,593867.0972239036
92.34331059166428,71725.34333784238,187541.02685699955,595448.2510675174
92.33409961093088,72094.47431510565,189098.22566843993,597190.2577411082
92.08511231682827,72526.74909721811,190358.86273177728,599020.4897080442
92.48035764003357,72830.64518125124,191745.22283987753,600730.918454877
92.12802907713711,73296.49770789272,193139.27034751757,602005.1908460883
91.45728302179872,73806.26454271749,194421.7039390944,603555.794616137
91.14823018908629,74261.3095296446,195809.24717518245,605589.9560530001
90.82344185566927,74753.03653581273,197189.6065207304,607591.7090543713
90.78742228963249,75202.46419938485,198456.03215673318,609836.8435378468
90.86497449609381,75645.41826299603,199781.57858719336,612635.510022567
91.19990306896713,76038.70217776122,201057.3969914552,615003.4780077238
91.43382814075169,76448.31011287212,202421.77681056064,617415.8395423335
90.79662757351682,77015.38618885979,203953.2488367811,619312.8734103956
89.98316586724513,77606.01131100566,205752.12141958118,621446.1485327332
89.68860915211407,78124.7170337231,207427.4890017136,623888.1006233476
91.0091691483142,78361.09304922483,209061.84587568406,625746.3321132868
90.76412422877685,78925.30520908177,210648.58727284454,627634.4660707391
90.84200124040458,79358.90778848827,212207.28978285968,629995.4170795535
91.31748464763957,79725.24744637882,213998.28439709634,632280.8700193606
91.03019164655738,80240.24118486555,215688.20517159885,634083.7810966359
93.0615724217813,80267.75644811115,217524.68770322207,636714.4794626795
92.58352518661745,80811.50105116173,219382.4771499048,638987.9258273476
92.59792675023034,81155.19040364829,221325.3169273933,641374.9435862595
93.36121734501572,81373.0148969159,222756.5824524991,643705.5028809628
94.08695636881822,81597.63444351165,224437.57516095744,645589.341166277
92.58442449624583,82229.7175240237,226211.1327200093,647535.9148418328
92.49578634558111,82542.74418575311,227882.94375676577,649559.2964272298
92.87697278019144,82836.93848113324,229553.7648561522,650886.3240177444
92.75613133410933,83235.96590009982,231084.69999883877,652297.2945755707
92.78929224619543,83585.13483584514,232658.0908676057,653464.8627606682
92.80718190756552,83943.40011236664,234038.85698069417,654617.7704201535
91.63043889804165,84538.91727783285,235300.5956263647,656054.0390030725
91.26889574251419,84970.50316502819,236839.64217082792,657763.5252805811
91.03540890860991,85435.31420036149,238175.3579910964,659334.4134091155
90.72687195408169,85933.20973248643,239819.0631880673,661545.763460107
90.77901158387905,86370.64717915496,241274.79103808696,664056.9753283897
90.84216320711708,86821.30959400708,242539.46329043998,666259.7986703054
90.39626676031112,87371.1679567665,243650.46494821485,668038.8344633263
89.6626902762496,87975.39759701949,244687.34561478542,670205.8197529021
90.09510480380476,88368.73504612822,246009.47823510692,672242.0687197123
90.47669362140054,88808.91877677366,247272.16959099262,674642.0451708086
91.03573031873036,89191.99736048657,248424.98305980087,676687.4211605787
91.25813919373557,89623.32126825198,249603.5129899491,679293.4957070005
91.20400477201956,90081.99968575111,250749.95510014318,681581.9070719347
90.9470515292119,90570.11820531388,251957.4207333657,683897.9543186757
91.42734409627725,90913.50280675647,253116.15643830664,686231.865934464
91.274392040132,91396.37849160482,254407.12123299812,688040.8192298778
91.31412412480866,91816.70434684907,255795.30119522373,689811.4247521192
90.92477150998582,92330.48901573931,257120.36853277448,691717.5936863587
90.41186982648038,92866.99243897697,258752.2750971386,693476.3997220371
90.7385435731964,93255.05657065572,260265.27625972562,694952.3017222743
91.16590292890555,93648.63236102587,261589.76847207508,696501.495042217
91.83928839159752,93976.67567854462,263028.2823961738,697627.736817879
91.38915162225433,94508.04445907197,264507.80782543606,698673.2012635416
91.46777586354224,94899.99601603525,265832.487060199,700043.1032120244
92.22149174918631,95179.44608424716,267284.03260205855,701639.4323859577
92.00399086402491,95649.19997353217,268591.56957639207,702843.030497847
91.67392810204416,96103.77734552638,269979.9984319902,704176.3879607336
91.62744600473637,96512.51528853405,271416.187377621,705446.7819384574
91.47443853598404,96959.0596271998,272762.69447239744,706841.2791649592
90.86670312893399,97498.86622114702,274109.9756481369,708221.3283410592
91.28160315129699,97841.80616539743,275307.032685956,709219.0916036151
91.8576462867398,98182.90941768813,276417.32678741525,710260.1427312727
91.47250037497655,98695.49605395718,277693.6573098694,711681.9495380545
91.79217685131866,99038.32322732505,278927.3128944425,712553.5710800946
91.05541545056398,99611.6827193055,279999.91698286,713906.2807678084
90.7605339885394,100080.68342871217,281076.61796742596,714850.2893428032
91.43794825437477,100392.07461055455,281912.12829097954,715726.9618056776
90.83815873134488,100973.63748431802,282870.48241248785,716740.4323860116
90.29751045800414,101509.49802430272,283959.1948660635,717915.0577170673
90.7991941557191,101866.89245433746,285048.5272115405,718743.415117959
89.84645295901935,102542.18742675954,286326.4371963988,720029.2670227737
90.39773143874467,102891.60866609796,287697.0828615115,721721.5806584461
89.55842707759251,103566.76792423644,288869.0773250717,723008.1631996018
88.68992701387495,104220.19611503137,290215.52665660484,724277.1336347364
89.71520438670201,104536.85446995863,291271.0587478349,725640.2173933886
88.78265749184838,105288.4824490098,292358.4734860726,727384.4225182699
88.25402496256986,105908.06281327743,293491.56929546536,729193.7865146077
87.77410648771257,106564.52469297257,294447.830681702,731109.3189653688
88.16758846126316,107072.746977627,295464.7441057968,732430.5882161951
87.47753277736638,107821.6603023604,296375.7775379876,734199.7028351171
87.76114199894769,108356.17534823951,297389.60200469854,735519.3494976052
88.74515209629907,108785.12479403628,298178.9257666893,737319.68506444
89.25657125163411,109294.41223895473,299052.13884548825,738461.6346665068
88.97584936261126,109912.91987783667,299709.68439606007,739541.7971669334
88.65315722834157,110514.24805536454,300569.55423330725,741065.7001779984
88.2545595775502,111144.79010912575,301456.0902190973,742719.2887245666
87.07966130032038,111946.7132364958,302054.8710441182,743831.6226622399
87.65827684321651,112417.87980728578,302662.00394143723,744825.2033202366
88.12223626149658,112970.72496198349,303262.6810412525,746337.8779159716
87.90214309344421,113631.44352778263,303791.31283901754,747732.3233589269
88.18100022943304,114169.17950651157,304296.225463102,749426.4437850422
88.19504805969994,114770.88024945722,305025.0537476481,750946.827820484
88.57928364228793,115284.60586610253,305765.24648768624,752836.84246896
87.83642082558445,116023.03568136429,306660.9288961634,754565.3537005329
87.13870249877684,116733.22025150062,307424.9843463588,755904.0192325611
86.66683463847087,117435.37614705003,308173.37840686494,757588.2565028432
86.56927741747744,118097.55776835127,309195.1363813937,759191.1906772502
87.32503220986224,118612.68164345979,310054.0553118282,761068.6516728092
87.21215691163897,119306.40252720185,310887.90363397694,762964.6628930714
86.43457215268096,120095.2674674121,311581.9963695795,764859.2183663058
85.7234300263963,120876.48313310237,312450.4508913429,766692.2813766813
86.50928081572347,121397.19543352412,313135.3552322218,768200.6751901999
86.85005794425413,122042.4788423437,313615.78677089175,769709.4770157029
86.63111874878518,122760.40752590819,314505.490182573,771033.062752404
87.78209164457805,123187.33258098869,314990.33212256676,772246.1667573401
88.47179007944035,123717.46108699655,315543.2731894026,773458.0953483734
88.82769473932179,124256.79985798718,316093.0012337933,775006.1645889366
88.61324813661795,124875.71846616665,316639.61730410566,776361.4521569064
88.7144599500318,125413.71307622014,317340.2648109535,777777.9133168403
89.51772824421916,125822.02925752755,318121.16534243803,779438.9341206247
89.15257666709209,126458.958087427,318690.4920968856,781037.6846814642
88.67397821866317,127078.40873256022,319267.1360601368,782745.1721673642
88.86509972857581,127582.17899077175,319587.7416483091,784631.6662679643
89.22157941796614,128076.81118837427,320086.6663849109,786466.7416324989
88.59493251822697,128758.50135989265,320412.3437797383,788362.8007985649
88.41063255926501,129333.89996511492,320563.4816062523,789906.7494650059
88.39605572712753,129906.68737598333,320857.9674165506,791858.4019606021
87.90453143543435,130584.07249740874,321119.1141399662,793711.8117503928
87.63655818384014,131217.47594146573,321487.8182446003,794949.5933309499
87.56148819078547,131836.8757732323,321929.04991167184,796282.8780310937
86.71885045973261,132623.17654373997,322193.1923658636,797630.5513000081
86.18267603612347,133351.93654443382,322708.3476443494,798927.0259238881
86.32973870261573,133986.18682575834,323109.05026932264,800317.4558419754
86.34908918134664,134672.7875072836,323547.075975791,801544.7313517219
86.72587211800352,135280.55370340683,323729.7642502967,803329.7616917617
87.1029487508452,135887.29627794883,324189.6514343429,804855.7145161629
86.45335705424243,136680.52163772672,324497.6873173023,806165.0669914002
86.66017913851184,137283.61785233914,324804.7076112162,807751.9936868619
85.86657578074065,138119.2661819882,325147.2082973472,808852.4858732893
86.13140677816043,138732.89579924307,325370.71684928413,809888.4751535885
86.59509420309055,139346.43893669144,325650.14751840313,811169.1333177987
87.47821191787159,139862.8635841346,325983.4067635274,811981.8569196293
87.40072287705122,140548.21794478103,326515.1727477291,812934.331620717
88.64039968440281,140926.0011479526,326917.0281503827,813823.133652596
88.22984860174587,141637.68995571404,327320.912289576,814539.9677834198
87.84603270258164,142282.0453868444,327574.62070571474,815313.8810361326
87.59322374994638,142920.72613018774,327743.0496272196,816391.1938335851
87.82839964566307,143481.0057609441,327853.8092461914,817439.0064268482
87.68774531552394,144129.0882691115,327944.92919754214,818208.1768252804
87.77441762751216,144719.94885206028,328175.1561265962,819100.0286660618
87.82764682340593,145324.53091323745,328401.15008623793,820031.0596178164
87.99224041059075,145902.5084122629,328317.35532065725,820988.8596177778
88.25066265609911,146459.06118558522,328418.138831866,822096.673673702
87.58229401761501,147192.73129023015,328396.5936792843,822991.4017424863
88.36205009099069,147623.87093539324,328440.69728013815,823898.7729452269
87.62843512720843,148391.08749101005,328563.87209144694,824337.4345379794
87.78870095623459,148940.54746342282,328696.7156138692,824809.1265597381
86.91662483556745,149733.14324303681,328767.1287324742,825263.06957718
86.42690474847242,150441.2537729367,328874.1030180463,825319.6233108887
86.11877742077063,151156.64867124934,328816.58045004174,825471.1170617753
85.68101930204993,151922.45176039814,328800.4171129586,825921.3102784387
86.38844469203929,152474.6374824523,328757.5697409178,826342.1965504079
86.30084733760714,153207.70948098614,328793.96125558397,826279.4759907092
86.07811244698202,153932.43521215208,328785.8283935158,826534.284638143
86.5608855878984,154520.44752269954,328999.9253961691,827146.4253206868
86.39771543988432,155248.77957177028,329116.78465230874,827329.5155353384
85.28690562733237,156142.48648755645,329168.0040029695,827479.0657798005
85.72567894697153,156734.4492028003,329486.6599124247,827904.4225392344
85.09135423522997,157596.56006298866,329798.15424975695,828446.8635527827
85.552394828956,158217.67009094285,329953.359882505,829045.1561087584
85.8340515147755,158906.37385197484,330201.67885314196,829348.2893061251
85.17048080864603,159761.05980012368,330327.43253931723,829965.5422998864
85.6707900670349,160368.89857040238,330538.65501931374,830447.6189662365
84.85261386033625,161273.5980123734,330772.9971654932,831146.5960497062
84.62633079971295,162034.9059214805,331079.16374727606,832293.8098659152
84.90734658004574,162735.66839093366,331429.41139569157,832918.3580740825
84.35708617949616,163613.99057883836,331598.73317407386,833562.929179387
84.44791853711382,164350.04854956883,331836.9408999801,834712.6708780832
83.33455522431343,165354.44245149745,331946.75355401414,835575.2339589951
83.77130794800787,166044.2854363276,332041.9224869403,836594.2447847286
83.48126342226291,166935.1489187932,332053.5635216953,837487.5815671927
83.48030629563893,167746.35930216179,332101.51620602375,838463.3111819435
82.9877507648304,168670.384703577,332195.17498007667,839188.2475545768
82.82221061371257,169529.05601571186,332246.1968971132,839879.9722549913
82.59483931166186,170424.71931015656,332270.9305813511,840482.0624688508
82.38294484657047,171325.56286984187,332192.5939026049,840840.2237598726
81.55804324807082,172360.36635595025,332426.85969688965,841759.7626013223
80.60607575046184,173431.1701919013,332627.8793928229,842524.0748505649
80.92411157342046,174289.22955993778,332643.12406684435,843303.5435816112
80.63038963799593,175317.23251617354,332772.9614742487,844421.5864770412
80.51255520666363,176294.1565868144,333083.0619424492,845275.3528483157
80.94890782079159,177174.93627891204,333356.94641655043,846526.3913459006
81.20371973631477,178097.91634519582,333548.2190177462,847818.9302711361
81.5015068349303,178990.48612949066,333581.00265339046,849057.0457122099
82.54207994304174,179721.77059962397,333789.24685054034,849941.0800578069
82.31854744164589,180690.9764232612,334155.1940875842,850410.7303743766
81.70690269663788,181685.76904191638,334317.870195965,851324.9671425681
81.82211447930334,182546.3728745848,334690.6142865597,852375.1361196532
81.35735395435228,183553.54609289713,334957.2778632962,853059.7677765206
81.43828122654568,184445.8255489528,335351.19881520607,854544.1332496237
81.17558663885094,185430.0631590185,335936.7191255216,855829.2951613241
81.06969251016116,186378.89467001785,336294.458391748,857287.9107054445
82.30058339429925,187073.5218815676,336624.3622005557,858660.8666321159
81.90188437093202,188099.34758303044,336966.2622679285,859686.441672689
82.68865390056376,188826.5488353531,337213.6650564143,861215.4940205896
82.13768353738992,189841.2197964335,337464.1786322458,862786.183225543
83.01434576108633,190531.0418937219,337489.32066330395,864322.8873049392
83.57779052968219,191311.05775178035,337888.7135264415,865860.170879146
82.80490286934878,192314.49221989917,337914.2593972533,866981.2329633972
82.9744747621835,193101.27032317471,338230.045778239,868082.5339431202
82.88302165718964,193978.89534168591,338536.32978710136,868958.1428434232
83.03213854570977,194799.93049466074,338877.6452594987,869397.6581122789
82.59006156391004,195743.7698440533,339136.1009108955,869976.1332963147
82.39100379359321,196631.54981445335,339467.10315278434,870248.7726359545
83.46167007757276,197287.50520581647,339878.2844840036,870480.3243377786
83.35586875390366,198188.69803134265,339925.29704481614,870633.1353163378
83.34927778412691,199016.51612022705,340195.0334841687,870981.8485088598
83.05742467325662,199906.67266370685,340315.4303138529,871027.3872123286
83.65625919214061,200619.03165637967,340395.82015418715,871396.966776853
83.88048907884075,201420.9031784096,340381.1928677674,871831.7823729548
84.65188604390039,202083.40878877166,340382.5953778767,872325.7073278903
84.35380113391156,202948.58970684095,340480.62258349947,872452.7752040373
84.37075027201746,203712.1962909206,340534.85884819657,872816.8200801373
84.43542457307638,204481.16287470536,340716.7683069318,873279.0145527262
84.72463241120528,205204.37889036044,341083.4538472764,873701.4835259118
84.46221239399286,206034.68106369575,341338.7467166628,874016.7290103118
85.37305032688688,206615.88584377448,341375.1150994018,874587.4753061989
85.92566845334048,207281.8569467902,341691.03456281224,875224.5574825227
87.3251298886112,207732.93321553097,341946.156525247,876168.297538551
87.7905429494511,208343.18497238806,341962.90433038305,877064.2391605251
88.09615008316777,208915.42586351465,342045.4256589224,877481.1293438352
88.14623801054992,209515.49850484723,342382.2262845153,877952.70132499
88.27869455180064,210083.81857049637,342449.45716362545,878242.9081113222
88.37544740940868,210656.7754038491,342839.5787833274,878677.6106491489
88.15869342670882,211285.8070663752,343257.41807468253,878712.6510963936
88.30512331394054,211837.36787933082,343687.8703363627,879394.5760506421
88.11405890413998,212467.26155091694,344078.534956857,880065.124227025
88.02793869887644,213068.84501900207,344350.1613920723,880273.3410044585
88.03883717368072,213660.57872698375,344601.7307587554,880401.229706215
87.50785982304208,214364.98610034495,344928.6708798246,880928.8521194385
86.98323954233548,215067.57350813708,345612.5719095864,881850.7233095862
87.38958164309878,215610.5266682985,346232.7539810307,882088.656725732
87.25570061907966,216287.75074872273,346847.1303669785,882358.7783630979
87.79483484878634,216810.06315841,347592.5427373253,883051.5847618476
87.64080928011394,217477.69564867648,347976.11800273485,883105.6978239369
87.54645000588842,218106.4379257174,348686.72031554003,883006.1511614278
87.09419114475985,218814.4557274634,349171.5758902018,883155.7482778981
86.32017261443131,219591.53575631327,349363.7265182049,883124.279123518
85.69153326582449,220362.14950905408,349838.3044513722,883003.4840633592
86.19924451710614,220944.20557676654,349948.62304472615,883029.0174160455
86.79516666288738,221540.05622194076,350620.4518685987,883180.0921500004
86.4693410700727,222294.86211925672,350979.92608058016,883468.8461183478
86.68844105483265,222910.89214194764,351694.544483026,883459.4521726771
87.08976736016074,223506.77226503403,352112.0860634493,883733.3306202927
88.30478461634841,223928.973399668,352973.85270324297,883928.763479464
88.43141316564783,224548.77922809205,353574.55336334393,884260.7526190409
89.63395166897777,224892.66815203987,353809.8154941553,884500.8773776423
89.54317299625265,225488.87939506277,354252.97081217007,884261.9641260584
89.01616487822717,226112.2028593163,354993.9773885387,884316.552222716
88.9634321822492,226645.21312359566,355529.56759996584,884558.5772387346
88.31810693596634,227323.0836384127,355924.4651250527,884571.9404206647
88.04786661214573,227928.57453744838,356174.3315762062,884900.1762333448
88.85932450092044,228350.00530837188,356630.6618514355,885501.2942619959
88.53433134716077,229012.22807388386,356754.8877830379,884913.7243531686
87.97123727097834,229681.49252107667,357083.650079551,885378.6565738437
88.1387367668665,230220.89419819487,357202.7419588278,886181.8381716815
88.21678280339957,230806.3411911412,357721.8098882197,886997.9670639704
88.16602084808643,231409.17355067274,358331.0123403356,887915.3359130058
88.9110742395413,231848.9513251052,359016.0259742958,888690.4770923491
89.05564257469482,232411.36101714656,359753.53919672593,889150.4099504479
89.35105951276856,232906.35144288992,360480.16830755747,889881.4258108452
88.71859841975242,233579.6781357197,361167.5743901275,890852.7444927953
88.89239739280029,234076.98882884622,361967.03456422867,891214.1664433229
89.55453687880748,234508.26252739175,362944.3107767545,891892.4566178012
89.77516200341589,235019.14760333995,363478.86795489874,892597.2944889782
90.85967629152847,235324.1615111111,363967.2309653696,893171.0647451489
90.55470009837153,235896.03039763903,364740.7026904537,894305.9937702733
91.49867540438348,236163.89862041522,365436.1000110464,894805.8114127675
90.70856068307917,236793.8159888792,366224.0188082204,895381.453887769
90.06563686755429,237347.0929407564,366712.64706061257,896411.6679912107
89.69758136570198,237884.90131365397,367573.3240779751,897304.87327696
89.24852503180577,238471.05233333638,368558.3484341577,897977.0408057724
88.3259303933855,239170.30401608563,369127.6274278703,898556.4455982889
89.18619500421673,239535.45516754637,369532.52099163877,899097.9048747807
88.43492528033742,240269.02637824186,370466.5059727102,900190.6584373845
89.21195198338167,240653.94121027298,371160.4138493745,900641.6950131307
88.44236436813814,241385.7261787421,371913.0139257779,901453.5174496574
89.22548949136551,241768.13361522983,372722.6661543172,902580.4811672919
88.66796100947354,242457.137866229,373652.2879643595,904012.0680506445
89.0055609843296,242927.9687988162,374360.502602587,905331.0308729785
88.64614809431032,243566.07133349282,374920.07341028604,906423.6526202679
88.84988882885716,244074.66851277393,375526.76634379773,907455.6559224571
89.26859605893192,244558.2474731665,376412.6728301642,908746.2333146137
89.65724600841219,245037.6533630993,377126.9250818133,909722.1047716525
88.7783844149974,245749.61117549537,377646.1817287043,911044.1052237527
89.20885747402569,246180.28173858285,378228.222850746,911651.2683172689
89.09405343926593,246763.9461795308,378612.6223406199,913159.497117101
89.48541628900641,247224.85987333537,379153.611678103,914635.0918874441
89.06647010584716,247853.5669706714,379968.1902888571,915535.474893116
88.90519200155312,248411.17298447716,380951.5072206298,916531.6031221022
89.26802029886332,248884.91123566296,381246.8879814277,917592.3716178426
88.91229670101382,249510.41625116693,381970.36184123677,918737.5635539131
89.15996269005396,249997.10789181647,382751.3887113211,919439.1506810925
89.24539343114229,250534.0322243173,383438.24708347203,920595.8980981957
89.242477365037,251076.24197996475,384015.4829367105,921665.5085973741
88.80507203841141,251701.07194739976,384974.5632402763,922753.6257938357
88.67326547047209,252264.92918294808,385461.1718466631,924215.6716406255
88.3089826458638,252897.14775884792,386162.4851924821,925112.1846293873
88.0098753211758,253522.91992563786,387071.4855895643,926335.5348022071
88.32051900238727,254044.96247524116,387724.9843783197,927832.8536124887
89.00818485839443,254506.56340893594,388299.7831661442,929148.9144848604
90.86658006259377,254718.50749280356,388918.0087217899,930499.1244680673
91.03639467475422,255233.77377091677,389673.6904208021,932118.4816029553
91.59432827310509,255578.50311395002,390196.2904284695,933685.9745186595
92.00211049114259,255944.7738058538,390741.66515805706,934664.8759859176
91.53756994079352,256457.6030134741,391590.17451182747,935826.1319065517
91.82053942541664,256800.5483165547,392208.61753471056,937425.3700252372
91.49515073714704,257288.3857455033,393043.4233364106,938811.1214269883
91.12626154114322,257770.77191503966,393549.2691075497,940081.5324887986
90.07553414851999,258405.7830303542,394344.4457565482,941165.0178623749
90.69992442963417,258724.23116727718,395225.41809127846,942421.5321039412
91.78614482980488,259002.86048637365,395819.8798324249,943051.0488107881
91.50924367931631,259522.88312138733,396738.9356053279,943098.796543132
90.80009166790106,260075.03691875775,397543.95135545824,943545.323586963
91.21639511243332,260415.95547477537,398009.8325600072,944260.574262159
90.24240612633912,261070.37356751913,398693.3217463271,944904.7095041854
90.19732716191999,261518.20067051868,399433.0886060485,945425.715869924
89.62161457459594,262120.84620298047,400307.2344403471,945797.2046806517
89.94366407943116,262546.2018039125,400993.62402860646,946097.0628762847
89.4141510577557,263170.6458719841,401546.89637297543,946067.6424329809
88.65874188938902,263824.1598250149,402516.9609511437,946381.4154587679
89.19192964219448,264246.44279738783,403254.6966061467,946288.330107712
88.50339316457094,264950.82770243986,403784.84149275767,946553.1390303978
88.04536233584305,265582.45049739623,404584.5439685612,946702.7534322429
88.37888626159587,266090.1970408884,405077.5788922036,946995.3097857053
88.69807824866048,266623.71364757506,405475.7157542937,946979.2988062171
87.69922537009407,267404.146812816,406066.1983984636,947335.3692482621
87.97637589277306,267913.43057053204,406807.2823362961,948056.6742153807
87.5043441179926,268622.4848831698,407367.98443602206,948111.9559790231
87.37449408523182,269249.2468075917,407976.60036307934,948266.6387203245
87.22272615903724,269903.99268363864,408842.4405773648,949173.9055978924
87.42935939169908,270493.55478479306,409537.4532024509,949391.716839908
87.8074737286299,271056.4129085715,410164.07254796795,949723.0549435689
86.93879057467555,271858.2840605294,410838.73587050446,950583.8416193962
86.86159751629447,272482.95647660526,411356.8654082525,950798.4191582424
87.28104508530123,273051.7413375187,412040.9915819241,951652.9413804441
86.7319995574083,273818.07384796074,412360.5430297223,952762.6512329569
86.95259605895579,274409.5125057341,413031.7882132797,952983.1917429384
87.34242364693537,274994.5611360264,413725.9562445695,953599.9376739424
88.14332983630833,275486.3727048562,414150.4264619841,953650.2332752644
89.03131668998762,275941.2835868984,414634.48812484153,954398.3848626759
89.3416165067261,276471.68469514954,415173.4042885124,954811.9707166977
89.00867577554469,277086.32773703174,415613.3405162396,954251.2631369202
89.06791001473138,277607.02395386784,416184.51460541063,954825.3615097385
88.02585253739616,278364.61054712307,416879.80824170914,954880.2066684774
86.93058057910305,279129.8702852055,416956.46952076553,955036.9973180868
86.9074305711447,279732.81584989134,417266.0770933521,955238.7759629703
85.42257693918486,280682.84511139133,417646.4637968723,954867.6731411498
85.4408228822092,281333.42260771093,417511.0766287399,954877.3838350143
85.36669833769402,282076.7157176713,418081.46996524103,955400.3730363217
85.61428951531639,282754.75737120124,417994.0277726707,956027.6024154276
84.96759212905694,283615.35217783164,418366.3686613326,956384.1065825849
86.01209746307987,284125.3460314808,418833.7297756765,956982.3590175495
86.28528666934653,284821.9344931058,418717.5314330394,957285.8955210099
85.83866258931006,285610.25218022865,418998.8577946335,957631.9827518935
85.18926213567437,286425.4597165203,418906.28005344636,957941.2490435252
85.51003653521138,287068.97252282384,419455.7076546687,958475.2416860475
85.91587167601362,287727.94663982745,419468.49170373654,959062.0412428754
85.75725498736335,288483.76734126505,419697.7460342313,959593.0103759643
86.79624367920876,288979.7908657219,420050.26726386807,959596.8990268996
86.11087189354355,289828.6004519875,420783.88987513236,959946.753229256
85.62446403748586,290585.6658056319,421085.6704591146,960088.1285660919
85.33593468702618,291337.42341288406,421369.9405546463,960345.9351190715
84.68301677765211,292186.3720035766,421688.6601525006,960664.7300535601
83.44275634082936,293167.20277406124,422398.6450979964,960662.4604435166
83.32912396722081,293955.36091834144,423032.2652577615,960534.0057727112
82.70694864085813,294907.2327599858,423401.20189610054,960448.9432895414
83.18931445138746,295643.88910128066,423842.4010119669,961591.0191636096
82.85575184960398,296574.8318449192,424233.7641887996,961996.318383154
82.28295636850005,297529.49718969676,424687.5459312929,962273.4804264957
82.76907295154025,298289.06906693534,425278.5762154974,962699.6208070967
82.54369403577856,299219.57325986854,425833.1803721273,963576.4968527429
83.07462348099759,299974.5189621182,426148.7087537762,964005.2295073572
82.59464343063559,300942.9050730453,426488.31977792236,964150.4035116493
82.88912438498424,301729.8599933631,426638.94186598563,964146.3821181997
83.29791221124684,302517.9562034791,427019.9952772504,965382.2128205077
83.67308365002971,303298.0540342589,427288.42663092405,965694.5516501371
83.04535941294681,304258.2801945593,427451.24891377776,967197.787146834
83.01164478702893,305080.9497827526,427452.45055773784,967910.4177115662
83.10085468814101,305910.4221623349,427389.59822815337,968325.4341330201
83.235880193345,306732.4184182825,427482.0316641132,968796.7307442043
83.5456884050898,307515.00103000284,427686.12416129786,969386.4062422005
83.48876941351173,308364.17484160414,427865.71064941573,970014.6003436362
83.47494781406107,309189.2389691233,427914.11130262254,970221.7891718011
83.93191389302298,309922.9980048151,427649.1069428854,970505.8811869683
83.79666605877158,310775.8858108899,427759.8481520477,971172.7970386571
84.14304814918107,311509.60512416856,427711.61083022336,971898.0998718956
84.777628282746,312192.4536799759,427841.99488774495,972512.9259300621
85.07112380795819,312926.1997198097,427984.8730323412,973177.6501598522
84.51779192219745,313797.57243404485,428203.32087445393,974201.085766592
84.21649155445937,314603.8637235328,428588.58610113553,974304.0088346965
84.68721428203908,315283.42568746605,428664.7298928344,975366.9695596177
84.68503848671264,316072.62904884724,428930.65900374483,975756.5208327514
84.28512367730919,316917.8384930881,429268.8288059079,976960.205363972
84.47383753952302,317645.4364341695,429572.2803155419,976957.9202552829
84.59320473601124,318406.8997990099,429792.27702495636,978131.9165106618
85.29773610789888,319041.9036635286,430218.7950355869,979476.2716284242
85.43620041227383,319784.149588506,430357.4105708582,980190.9185479124
86.02922111942853,320400.2649973729,430561.1045917958,980741.0027569088
85.53687323599708,321226.51986512303,430804.0328581158,981573.1775644985
85.49468510200828,321933.0946034281,431031.6205304438,982308.31853338
86.314240007239,322491.94989714655,431412.70403914445,983441.1097392392
85.58089055053648,323363.4794661743,431592.0210952962,984489.8992678522
84.86216789461258,324191.1010011138,431673.44059594447,985363.724605462
84.31189948420396,325021.69648708624,431559.67580472387,986879.1921681655
85.18277021063324,325604.01632255636,431696.4661961478,988456.5444377434
84.46175751552684,326532.2100725812,431902.11380070896,989529.486506308
83.86510914629878,327391.98411512055,432085.29277418234,990905.2327195045
84.0204125103004,328137.424796555,432269.9218886924,991986.9030867183
84.27648588603506,328892.54639200796,432428.2792754907,993731.4161152578
84.7972981900784,329586.96053245774,432506.85830889555,994832.5727719846
84.95946013898589,330340.2996997291,432827.0408160161,996041.4002281934
85.06113947361604,331079.69506303075,433165.8120630465,996753.1697705472
84.96014991976591,331851.5139809741,433647.4696377593,997202.0874388794
85.4776307533556,332494.5628063564,434049.72144079173,998757.5449033829
85.49106890810071,333243.46621096856,434622.25487657316,999589.299679741
85.32051877783086,334003.29074913525,434964.3835846531,1000874.2645883927
85.18729097684472,334754.9782423697,435547.12235275214,1001600.1893850096
84.69750566146288,335586.49882059696,435880.8253839815,1003075.3404694479
83.97887747899581,336470.44272999326,436203.7323949396,1004200.0672149266
84.12109971298439,337206.712843376,436752.83290816506,1005424.6751103508
83.27461085798325,338176.64373728045,437195.15315753757,1006890.0146019269
83.33397497028672,338958.2996825441,437381.3294852686,1007721.5903726325
84.28978556542506,339603.00373979035,437598.2961501722,1009164.6887019384
84.00496650819491,340492.85484375426,437585.58446619264,1009729.8002096149
83.66095178036812,341346.75172960776,437734.8192957607,1010723.7753472751
83.28202500644687,342221.8690806698,437846.03783643624,1011924.5727791121
82.92294224429659,343110.21599109785,437877.0741674827,1012507.1017457764
83.10232494833825,343909.8211719208,437895.9107411827,1013552.853150817
82.60806570071152,344862.1007058764,437867.2634634585,1014271.8284345362
81.97545472468427,345833.0760535712,438168.06195304485,1015389.1001650945
81.23843070337814,346849.6410826436,437880.17517727875,1016658.8407121762
80.79480591123101,347839.1557631067,437950.48019085603,1017606.9937715051
80.74070416401158,348787.61938359856,438231.45801534853,1017556.376689575
80.7034495671395,349754.8946707762,438280.54043323116,1018342.7422566037
81.21129350643055,350615.8627086795,438449.46702085325,1018988.1984021183
81.3723454621004,351548.05057297053,438442.47293305316,1019994.7206423079
81.62753342970129,352436.02148317854,438490.8097322301,1020845.1031944506
81.3772021674188,353417.0383506264,438533.8662906912,1021190.5220707507
81.73763474499276,354263.1498500978,438466.4195915602,1022274.0139246073
82.48688831953083,355044.0216798125,438672.31070395646,1023709.3260561087
82.12495239437581,356029.0994687092,438986.2831025707,1025430.8575540768
81.80458213880345,356968.3994933303,438729.29835061013,1025910.9688555422
81.54514962337916,357913.6073767161,438735.755827724,1026815.4214910734
81.17784953110993,358896.4039620759,438924.74475031195,1027943.9761204659
80.81703177582853,359890.87322546134,439013.98163334845,1028420.2101212357
80.69496728332638,360855.95765772584,439334.21161264065,1029375.7671225994
80.11968500835928,361929.71933474694,439642.1603711151,1030017.9278412239
79.63219989911047,362992.0220054339,439758.2635457761,1030603.6042938147
79.82472325348908,363947.09320486645,439957.9766682055,1031644.7261197448
79.34916639324882,365060.1466972257,440100.62612980924,1032524.3478043528
79.35948351028152,366066.40269974916,440509.6725460646,1033451.9588487098
79.79016597878747,367012.3694323246,440312.6830636985,1034592.8956440598
79.74369844133646,368053.2466449171,440509.42632368754,1035323.0172431655
80.33277624655997,368945.4892379114,440442.39471693715,1036494.2602725439
79.83611507032691,370057.19192726846,440753.2314976095,1037703.5411611812
79.44553356824476,371118.2228000213,440648.4261758989,1038866.0012362167
79.80111128902367,372054.8625991723,440459.1540579195,1040164.7182824761
79.60195158466277,373121.9736811754,440613.7506124124,1040941.059062236
78.73761789259926,374304.3299681263,440596.8903747928,1042222.38335754
78.52524475899997,375366.25520571443,440984.3523134148,1043386.0904458096
78.97014531777623,376339.9501046503,441337.2699219257,1045173.0085683224
78.30625014090148,377546.01039855997,441735.9326126357,1046440.459371522
78.55167296592569,378547.97014733683,442027.5931074038,1048336.0820260742
78.73084848456506,379596.3749067319,442507.5949935619,1049493.0264289514
78.79687694447152,380655.13760679215,442705.20054196095,1051446.976386671
78.63900558111936,381749.71882317384,443051.8818599874,1053043.724139017
79.57289297183726,382622.6610452692,443554.9423117878,1054686.0659136022
79.17199625928924,383770.44150641974,443993.0201561271,1055870.7020500703
78.95662451828542,384834.422394798,444479.240119955,1057112.4963180372
78.81622148289674,385903.4539196404,444673.02062447247,1058116.4623545324
78.82783673882052,386952.85151870537,444785.5465610317,1059950.7487183672
78.75290453395061,388026.57763134077,444975.619558523,1060854.4169283682
79.25819008325982,388983.6870288673,445246.3712450655,1062386.9915685626
79.2663655415255,390043.96163230366,445435.96861201624,1063937.689923501
79.12640182111988,391108.5977772885,445647.07612617454,1064815.4097290179
79.02801646263325,392164.5090793273,445879.7982141822,1066273.4956416788
78.76551840442725,393260.2381210549,446035.1638632222,1066217.794700359
78.85416583250586,394290.6604120003,446153.8553489866,1067319.9800698853
78.92079061372121,395338.6124474437,446412.79272265075,1067942.1058097652
79.38144245951908,396303.332681319,446604.78360446764,1068759.2950801232
79.2510519819437,397382.92509077856,446640.0017687499,1069453.3207646816
78.98979187869509,398465.6560881748,446767.67924740945,1070202.3541403194
79.79640510209454,399341.34506552597,447062.6419362406,1070462.179378387
80.05150839271548,400340.3969597488,447273.3393099514,1071212.2867865772
80.24775161840199,401310.89116747066,447418.3306947391,1072249.7343721108
80.73112030622688,402211.2105116929,447601.8199361497,1072603.7070817356
80.67158248573104,403210.2947791847,448004.232365074,1073873.7225737593
81.10037743394184,404087.5504784378,448244.30317701417,1074732.3014821578
81.21911624475399,405029.7929569742,448598.7495535127,1076096.209104169
82.0146768866181,405815.241628567,448864.9561692783,1077681.919687021
82.15993484149577,406724.8103617033,449258.88844353997,1078280.9072582184
81.69561647909634,407716.5088089391,449628.97865702014,1079317.895978732
81.57545074442383,408632.1154007939,450029.39513965504,1080781.2557521588
81.03026384207523,409655.93535284733,450388.9612065912,1081578.967553628
81.11599004795042,410559.5859864649,450724.44911946176,1082588.8441844517
81.02087466035562,411526.66235219507,451248.3733552543,1083600.563569334
81.5621820517923,412362.1760959363,451648.95433067245,1084485.964986447
81.67533320072704,413288.07465252205,452046.5827647884,1086164.4414368877
81.70781955801182,414203.0404606168,452528.0721384786,1086725.080768618
82.08358659953453,415043.69760775147,453150.3877340989,1087765.180268253
81.95086641324536,415984.4233941323,453970.18673341005,1088553.2126020428
82.21868723880812,416826.25730459945,454449.7995008071,1089640.6665345435
81.65939743026135,417840.13964639994,455167.63719225547,1090904.126508224
81.70186145402316,418720.2846899855,455734.6623294983,1092192.6111029985
81.4034239402586,419696.57005613035,456477.0114753632,1093350.8502576065
81.55735508550002,420580.26273338456,456824.38214792125,1094580.6564627215
80.88989479981252,421643.1451505507,457134.49658182246,1095403.7322536765
81.35745119936337,422471.33889141877,457652.257417423,1096168.2822398436
81.00966964543753,423495.9650954299,458197.5098144474,1097821.9316758264
81.15688399012042,424398.21879521356,458784.6548710149,1098792.0315329556
80.42691683469,425493.2866226755,459263.40856786363,1100165.6332478775
80.17644571690631,426485.09612854844,459708.23210474045,1101075.8068049129
80.26584731239662,427445.43245445826,460297.8186197751,1101699.502100863
81.358383486186,428217.6800902927,460627.7774643039,1102283.363353354
81.48152616153381,429179.33042228513,460930.21983712475,1103859.867047985
81.9224047156155,430022.8120801424,461595.7684895506,1104175.7755274232
80.8535078368704,431162.07364009146,462122.79413139523,1104942.5269832495
81.29235274656298,431977.75654075574,462797.266715833,1105726.3199772388
81.6419575462652,432864.7341299082,463359.55205539824,1106806.2976886728
81.44653559270607,433838.7696410874,463906.7986412947,1107942.2318497626
81.67253972740727,434711.04422664095,464463.4362006087,1108656.765252512
81.81699116240578,435609.4008901041,464813.52689922386,1108737.1930939895
81.92645289852322,436503.45580791275,465209.22643972473,1109640.3794122867
81.85003915955106,437427.4614129648,465624.970338461,1110454.3161731076
82.24094666588216,438252.5356897517,465894.3955427804,1111502.3710760544
81.78573172442096,439250.64603368385,466143.29792169906,1112557.5019463953
82.31150185433725,440033.02453531034,466317.2680074265,1113252.3805429689
82.28684481016772,440948.24519323756,466387.5593802003,1113746.1701308535
82.03556559466466,441882.49843362597,466577.3040328374,1115721.0509749984
82.42046393991085,442690.75616160437,466707.56932565395,1115962.2173753567
82.64803834070032,443543.0431310024,466919.4267303586,1116902.7577045984
82.47961474974277,444455.2808305365,467324.9955076966,1118033.898988076
82.87743238106212,445242.8983139877,467719.1469541742,1118590.7785123792
83.38964105406828,446016.0631548474,468397.8124373297,1118443.5790401339
83.51906353921554,446845.8925781671,468981.33884048363,1119343.1770113134
83.29621988679085,447720.5607695822,469550.7696558279,1119798.006946032
83.61184407661129,448481.07024693524,469818.92280829744,1120207.8463579086
83.49204236898676,449339.8031998052,470336.05610634503,1121297.3564489332
83.07170802418378,450242.856424551,471204.9628118014,1122064.0811963447
83.56240290391065,450969.7037018407,471948.72067493096,1123523.8281347363
83.87688886012033,451752.8104490133,472741.4780455659,1124098.5531587505
83.69260654808046,452611.13132449536,473479.30556361936,1125413.3601861654
84.20191343827648,453315.0184819924,473942.4321689994,1126799.177358173
83.92821636161689,454184.71315155533,474395.6807004506,1127978.089096516
83.77894283582037,455004.05759248603,474947.0405508568,1129951.7448457077
84.6396883668969,455635.0961712271,475553.34348178434,1132166.8901851312
84.66125724144325,456441.4280343097,476209.019471105,1132966.1354735277
84.58257905879708,457224.77077980025,476754.6354054855,1134615.06823831
83.98800604036053,458110.2062754466,477358.5732629165,1135938.7166506439
82.79067954817903,459120.1137744144,478004.2897154555,1137623.7247153472
83.08281963320337,459861.8690801095,478644.8314730686,1138780.4526115553
82.80669385331824,460777.1379726541,479266.751511685,1139736.1850922825
81.86250767021293,461811.40065586544,480155.92807190877,1141076.4182420403
82.49276026310895,462544.5973057103,481054.6710919068,1143291.044866529
83.12171765219261,463325.2666991082,481734.92527558934,1144740.5608022679
83.57939495399565,464108.681485098,482372.9371335781,1146126.5536854684
83.12378894159374,465043.29548224923,482865.6618706311,1148236.136714204
83.9591421873151,465696.84864687314,483430.3989893021,1149841.7152274123
83.80666982755417,466570.73925112793,484125.8528743709,1151864.160103169
84.13641059600961,467306.42525113065,484509.54716871795,1153647.4912473364
83.07201743610175,468328.54444510443,485187.6701285081,1155707.9297590686
82.82522909989464,469170.6596316307,485910.60614365735,1157521.4898789192
81.75314090933064,470231.0411653075,486732.3176044714,1159770.6055120318
81.06622296717269,471226.7259538795,487612.05498146743,1161205.5721546272
81.4706177352924,472057.76307987655,488537.8005059891,1162559.3982338326
80.68599196339846,473160.93639546004,489675.8450805029,1164210.2996455699
80.83254361233827,474057.6620325743,490508.3019496658,1165837.896087388
80.75667999530158,475038.0999235264,491499.06058930163,1167475.9535992364
80.90605789288361,475966.1645514436,492758.9675815991,1168800.512785115
81.85503106857516,476738.11554456997,494007.3253354044,1170587.2016684287
82.53362225213623,477556.67689870764,495171.9443203604,1172532.012781836
81.94996484693576,478580.22639047104,496659.65794366156,1173852.380707678
81.58345765743151,479526.41523441835,497841.0436276014,1174917.935826229
80.91580200700365,480562.00985918165,498898.192325947,1176287.4679861635
81.72428056883838,481320.71899325703,500192.23799569084,1177931.6366005722
80.68648061851391,482482.0464237364,501362.83570104535,1180017.7607469817
80.88395147062583,483355.9057948284,502337.013192633,1181882.9073526224
80.49035957360698,484399.86082068016,503675.865733042,1183731.2493398208
80.56144217090335,485341.011155363,504840.2409353823,1186061.454935368
80.46175659206656,486335.9928269471,505990.46814018587,1187558.7118961534
80.34654923286644,487330.5238096351,507140.4727832959,1189695.0583008437
80.06607624999077,488363.0890758297,508654.66772222443,1191491.3669285495
79.93690639066374,489371.1542402075,509966.5167923864,1193336.9058378541
80.11585892562711,490331.62198439555,511231.43481922016,1194952.374369387
81.32140958361623,491093.2442219862,512200.3899983418,1196529.7321764005
82.09443919871504,491932.4254249668,513312.7646054133,1198587.9687489474
81.37621599610029,493009.5641922585,514739.1737687482,1199911.52212254
80.76778581780506,494026.0893834713,515838.7887868983,1201906.712743608
79.9580994073534,495118.76990464755,517025.47218150296,1203751.08408554
79.17963916827631,496235.6214698253,518149.7926276218,1205322.9945944753
78.46050835577896,497381.08685159986,519130.1207076501,1206688.064679003
78.70175662846086,498373.407839684,520321.7522117651,1208662.3395018117
78.33442902492338,499523.39371231245,521523.13182674267,1210601.4750173423
77.8119786467309,500692.33698322583,522465.7442747949,1212216.9891249493
78.49380739388808,501638.80401200114,523274.3357970457,1213813.6849973963
78.88247352068589,502670.02675228263,523950.58482416376,1215449.7076358984
78.64750157456083,503791.8796595206,524707.2369966322,1217371.93865787
77.73927765702237,505028.9385843702,525642.86586494,1219331.790559626
78.60594058708263,505922.7872278547,526512.2755240451,1220530.6810628958
78.3499790457771,507086.5623113873,527341.8437737592,1222252.0328232234
77.51270536332045,508323.2567465462,528044.8014478361,1223671.5633251662
78.11315595631918,509285.2186709035,528958.6751444197,1225735.1724110972
78.21831137121178,510388.1005840264,529691.66929572,1227266.918077988
77.89772851893277,511546.102396686,530517.2014057322,1228701.0873384695
78.5988278557576,512494.5220602508,531110.1400760023,1230605.0656685086
77.77172086908763,513764.5956439353,531837.1633571064,1232347.9078275268
78.4858506260372,514691.3826996202,532234.678037586,1234019.2324411043
78.77605501659521,515744.30924187007,532909.4373195128,1236009.7749785183
79.74439623137879,516625.9134567737,533543.8776343126,1237911.57283661
79.27740668694125,517780.06028775143,534166.5356466958,1240161.215361074
78.89955151136911,518867.9611631712,535141.5191459307,1242243.672824467
78.8674232292642,519910.0683323098,536021.0902970696,1244284.2795216187
79.07090930987287,520923.9484613873,536985.5746370021,1246077.4991186494
79.59824480301985,521874.67108035675,537833.6717304171,1248133.4265967398
80.0638077019218,522827.5767406769,538674.8110885121,1250604.2206315617
80.02965144319852,523854.05572073685,539295.4928573141,1252215.7371198093
79.20708585150416,525014.9271456215,540264.3206062994,1254285.765862181
79.13388854171063,526027.6374602588,541087.5463961702,1255904.6951053934
79.61338394493217,526970.9447371948,541945.5063908258,1257436.8174058914
79.35677155357389,528065.1264894949,542743.4703393219,1259386.8886761356
79.67011038736476,529021.3494096347,543485.7511690708,1261547.1792331259
80.10573957729903,529965.9487835506,544378.6506877757,1263693.2091592613
79.92874979069025,531017.3994838241,545270.5093637976,1265899.2286779918
79.50047722029842,532097.3205244702,546064.598185155,1268064.2390998267
78.84407934149682,533231.7099244661,546954.1901391812,1270687.356524986
78.62639365137052,534299.7720624323,547766.7124749518,1272727.7068499574
78.07088817870672,535468.2117975691,548397.451492028,1275628.2645541632
