Underlying Price,Gross Profit (Straddle + Futures),Total Fees,Net Profit (After Fees)
97.30914300077596,0.0,0.0,0.0
97.88679299020865,1.5355570203586666,0.029788679299020862,1.5057683410596456
95.3998601921308,7.087072605947043,0.058159944076852314,7.028912661870191
95.58412038676893,4.231619418592942,0.05823364815470757,4.173385770438235
95.20760494008935,5.1689105065902226,0.05808304197603573,5.110827464614187
95.17434446497316,4.858916010143034,0.05806973778598926,4.800846272357044
92.6750521646129,9.824240135747374,0.05707002086584515,9.767170114881528
91.99459335271423,8.685865459184427,0.05679783734108569,8.629067621843342
91.94049345234632,8.1136064480216,0.05677619738093852,8.05683025064066
92.28174253173904,7.377008388868234,0.05691269701269561,7.320095691855538
90.39866790711064,11.484406717517771,0.05615946716284425,11.428247250354927
91.5129865833096,7.37269474049144,0.056605194633323835,7.316089545858116
90.89265790337043,9.72767077656873,0.05635706316134817,9.67131371340738
89.35339102545697,12.18587585245649,0.05574135641018279,12.130134496046308
89.63234561499053,10.088699795475918,0.0558529382459962,10.032846857229922
90.57139235175867,8.489560911473177,0.056228556940703465,8.433332354532473
91.60488254473998,7.361627262278716,0.05664195301789599,7.304985309260821
91.50939125603523,8.58610003266952,0.05660375650241409,8.529496276167107
91.49175458435423,8.525882087326778,0.056596701833741686,8.469285385493036
91.03252699473312,9.42670059488799,0.05641301079789324,9.370287584090097
90.50484392175824,10.022839151216644,0.05620193756870329,9.96663721364794
90.48653419208961,9.531775537579023,0.056194613676835835,9.475580923902188
89.56910191633263,11.348330359424352,0.05582764076653305,11.292502718657818
86.60187596806179,16.365349980209047,0.05464075038722471,16.31070922982182
86.82132616703909,12.959223633983612,0.054728530466815625,12.904495103516796
84.76175422840348,17.297817710232138,0.05390470169136139,17.243913008540776
85.73971701940506,13.28232018959335,0.05429588680776202,13.228024302785588
84.12944363235822,17.480829754688628,0.05365177745294328,17.427177977235683
84.77959038706541,14.570262858227395,0.053911836154826163,14.516351022072568
84.64475692400632,15.49007653905278,0.05385790276960253,15.436218636283177
83.57380083134548,17.497155261315356,0.05342952033253819,17.443725740982817
82.85323735678176,17.867326117781957,0.0531412949427127,17.814184822839245
81.27661019875706,20.30001695926765,0.052510644079502816,20.247506315188147
81.91092245922368,17.454765280309687,0.05276436898368947,17.402000911326
81.65109672368492,18.608729011853853,0.05266043868947396,18.556068573164378
82.36929501577406,16.9125066921368,0.05294771800630962,16.859558974130493
79.83894019715312,22.691414621467814,0.05193557607886124,22.639479045388953
79.7619855487471,20.31496909965891,0.05190479421949884,20.26306430543941
79.43224507523222,20.897495398282672,0.051772898030092884,20.845722500252577
77.90276035726971,23.62672436069279,0.051161104142907886,23.575563256549884
77.96313611184539,21.97648813357894,0.051185254444738155,21.9253028791342
78.43275884117638,21.097618429492627,0.051373103536470545,21.046245325956157
78.28772065525203,21.85731753067232,0.05131508826210081,21.806002442410218
78.55559503810758,21.176530579036864,0.051422238015243024,21.125108341021622
77.88797641079157,22.77964221652445,0.051155190564316624,22.728487025960135
79.13075389032113,19.626468630149304,0.051652301556128453,19.574816328593176
77.66850250442174,23.793748881477654,0.05106740100176869,23.742681480475884
77.70555927330382,22.2573839578141,0.05108222370932152,22.206301734104777
78.2980998123554,21.109359648593014,0.05131923992494216,21.05804040866807
78.93733405910899,20.42343169413742,0.05157493362364359,20.371856760513776
79.53512900357535,19.867076051958293,0.051814051601430135,19.815262000356864
80.02032072042023,19.49448756273489,0.05200812828816809,19.44247943444672
79.74484326365325,20.530634193113727,0.05189793730546129,20.478736255808265
80.35047678121346,19.043889701226334,0.05214019071248538,18.99174951051385
80.42362076247613,19.503235256261192,0.05216944830499045,19.4510658079562
79.71098211268318,21.001656537109767,0.05188439284507327,20.949772144264692
79.41115314155665,20.888675829569877,0.05176446125662265,20.836911368313253
79.32222657815453,20.766699985247598,0.051728890631261806,20.714971094616338
78.21259756373153,22.897031450691458,0.05128503902549261,22.845746411665964
79.85123555528382,18.510126453163892,0.051940494222113526,18.45818595894178
80.00073761449451,19.8497603262948,0.052000295045797805,19.797760031249002
78.66471152130646,22.671314571881595,0.051465884608522576,22.619848687273073
76.73334989915452,25.19801172299742,0.0506933399596618,25.14731838303776
76.38285787651625,23.96763414612201,0.0505531431506065,23.917081002971404
76.31007737140398,23.7627031337083,0.05052403094856159,23.712179102759738
76.58804435935286,23.13398865269825,0.05063521774374114,23.083353434954507
76.72865267320556,23.130739012941746,0.05069146106928222,23.080047551872465
76.4968402016973,23.734972269810967,0.05059873608067891,23.684373533730287
76.0577835293222,24.38127314305291,0.05042311341172887,24.33085002964118
75.70472187132306,24.648339786676075,0.05028188874852922,24.598057897927546
76.64725053555092,22.41022080022121,0.05065890021422036,22.35956190000699
77.21235086502591,22.222548805499102,0.05088494034601036,22.171663865153093
78.15741106704156,20.89752873094278,0.051262964426816625,20.846265766515966
77.64892853322331,22.85955400059494,0.051059571413289324,22.80849442918165
77.52109074466247,22.606747043898366,0.05100843629786499,22.5557386076005
77.35358187597863,22.813926992705206,0.05094143275039145,22.762985559954814
79.26414665504267,18.825288565893302,0.05170565866201706,18.773582907231287
77.335750097275,24.592646460492674,0.05093430003890999,24.541712160453763
78.03892918924032,21.257891718794355,0.051215571675696125,21.206676147118657
78.35976190325923,21.319405382721868,0.05134390476130369,21.268061477960565
78.43638597184369,21.486989959571844,0.05137455438873747,21.435615405183107
77.93166504605459,22.57305587973451,0.05117266601842183,22.52188321371609
77.87783282407695,22.175999397900696,0.05115113312963077,22.124848264771067
76.79631338044703,24.285206063182883,0.05071852535217881,24.234487537830706
78.09061613490363,20.615081110639778,0.051236246453961444,20.563844864185818
77.11663965366444,23.857336827574755,0.050846655861465764,23.80649017171329
76.54264529980163,24.031349054061167,0.05061705811992065,23.980731995941245
77.63662860299986,21.269388093801908,0.051054651441199944,21.21833344236071
77.23400871889086,23.168611165218138,0.050893603487556345,23.117717561730583
77.00035158940442,23.23330554008203,0.05080014063576176,23.182505399446267
76.45413267499202,24.092086239420368,0.050581653069996804,24.04150458635037
76.59322358972531,23.2676854955414,0.050637289435890125,23.21704820610551
75.61145691531881,25.37030975908769,0.050244582766127525,25.320065176321563
76.0568956450596,23.497665625199616,0.050422758258023836,23.447242866941593
76.64154469564437,22.773806253770857,0.050656617878257745,22.7231496358926
76.07340873964365,24.494727216357063,0.05042936349585746,24.444297852861204
76.28807380693202,23.497261125779616,0.050515229522772806,23.446745896256843
76.7889442869692,22.710185232993624,0.05071557771478768,22.659469655278837
75.7380258192092,25.3128926485508,0.05029521032768367,25.262597438223118
77.10486949260579,21.528286833997626,0.050841947797042306,21.477444886200583
76.26007270137052,24.58472408986475,0.050504029080548206,24.5342200607842
76.53854845674125,23.18297578788801,0.0506154193826965,23.132360368505314
75.34267145281743,25.8532055511064,0.050137068581126966,25.803068482525273
74.34098887063787,26.660693711541683,0.04973639554825515,26.610957315993428
75.05894492381135,24.223099023015166,0.05002357796952454,24.17307544504564
73.755027768625,27.548889386561356,0.04950201110745,27.499387375453907
72.7203108354453,28.31440609773439,0.04908812433417811,28.26531797340021
71.45495721320198,29.810396409041346,0.04858198288528079,29.761814426156064
70.86927131382349,29.716414585555,0.048347708525529394,29.66806687702947
70.89434512367933,29.08058106646483,0.04835773804947173,29.03222332841536
69.82200580553157,31.25033351261618,0.04792880232221263,31.20240471029397
70.18319643741336,29.45561293070486,0.04807327857496534,29.407539652129895
69.70862689777502,30.76594264186332,0.047883450759110005,30.71805919110421
70.76089858726863,28.186829723237764,0.04830435943490745,28.138525363802856
70.35345635624053,30.05398587478757,0.048141382542496204,30.005844492245075
69.65012162799951,31.053213100241507,0.0478600486511998,31.00535305159031
69.74944730940443,30.15122700919065,0.04789977892376177,30.10332723026689
69.9339113900113,29.881624529381824,0.047973564556004517,29.833650964825818
68.92845257090237,32.07700624820657,0.04757138102836094,32.02943486717821
69.07004300784584,30.788366555210686,0.047628017203138334,30.740738538007548
68.22166257934693,32.62671784915199,0.047288665031738765,32.57942918412025
69.7715352365732,28.678592106200526,0.04790861409462928,28.630683492105895
69.15620538996504,31.459124456643124,0.047662482155986015,31.41146197448714
69.84139077373865,29.473423842487733,0.047936556309495455,29.42548728617824
71.08548367840612,27.67042341692641,0.04843419347136244,27.62198922345505
71.28177210791013,28.521939462585863,0.04851270884316405,28.4734267537427
70.87462125789568,29.532529592118763,0.04834984850315827,29.484179743615606
70.29822786379279,30.278165530310105,0.048119291145517114,30.230046239164587
70.37903676768704,29.54015432841871,0.04815161470707481,29.492002713711635
68.29144362523971,33.796149517207624,0.04731657745009588,33.74883293975753
68.09794979723172,32.09554403077627,0.04723917991889268,32.04830485085738
68.77881038826062,30.540329020710473,0.04751152415530425,30.49281749655517
67.91375865432835,32.95129307960393,0.04716550346173134,32.904127576142194
67.39538309319487,33.122992467938616,0.04695815323727795,33.07603431470134
66.66273402466129,34.069915043872285,0.04666509360986451,34.02324995026242
66.49875012857282,33.665233767515645,0.04659950005142913,33.618634267464216
65.38631423283717,35.72612166289849,0.04615452569313486,35.67996713720536
66.44717730788338,32.49195961707041,0.04657887092315335,32.44538074614725
65.4621681086267,35.52284109062998,0.046184867243450674,35.47665622338653
66.36579328771516,32.73058153319637,0.046546317315086065,32.68403521588129
65.74290186543182,34.87998955685153,0.046297160746172725,34.833692396105356
66.35053240600686,33.04183705341809,0.046540212962402745,32.99529684045569
65.9276152596181,34.495301886770676,0.046371046103847235,34.448930840666826
64.55048077288527,36.82665371384756,0.04582019230915411,36.78083352153841
64.44056746345568,35.66934584597391,0.04577622698538227,35.623569618988526
63.93119361804366,36.578180227368364,0.045572477447217465,36.53260774992115
62.57454785557252,38.78209790689862,0.045029819142229005,38.73706808775639
62.010708663287076,38.553130528998366,0.04480428346531483,38.50832624553305
63.00038495006213,36.00993876316282,0.045200153980024846,35.964738609182795
61.51743072380484,39.96552350245244,0.044606972289521936,39.92091653016292
61.24110091948053,39.03522888484378,0.044496440367792205,38.99073244447599
61.89572566607977,37.44964958732099,0.044758290266431904,37.40489129705456
63.78884766390415,34.31803033827147,0.045515539065561654,34.27251479920591
63.95596592627078,35.87691581136259,0.04558238637050831,35.83133342499209
64.2162627659348,35.52344039440118,0.04568650510637392,35.4777538892948
64.05785620331409,36.100550359306624,0.04562314248132563,36.0549272168253
64.35664282725088,35.34457054881233,0.045742657130900345,35.29882789168143
64.22214949466098,35.912343837928915,0.04568885979786439,35.86665497813105
64.12117440988739,35.97980067488621,0.04564846976395495,35.93415220512225
65.10105910164727,33.919056206592856,0.046040423640658905,33.873015782952194
65.6607589369236,33.77954122780007,0.04626430357476944,33.7332769242253
66.4614891271166,32.73778068269041,0.04658459565084663,32.691196087039565
67.2500963058885,31.961296515339583,0.0469000385223554,31.914396476817227
67.17069088071597,32.90871454445657,0.04686827635228639,32.86184626810429
67.8378869206352,31.494917039445568,0.04713515476825407,31.447781884677315
67.47919768051824,32.87949155959872,0.0469916790722073,32.83249988052651
66.9114562309787,33.65628521856084,0.04676458249239148,33.609520636068446
67.3504513387581,32.21055355346249,0.04694018053550324,32.16361337292699
68.15977701376104,31.030897311236018,0.04726391080550441,30.983633400430513
69.1786551851919,29.802466643377244,0.047671462074076756,29.754795181303166
68.51094789123987,32.15675940271217,0.047404379156495945,32.10935502355567
68.67209560697748,31.16675667728491,0.047468838242790995,31.11928783904212
68.31438200510767,32.04333159676213,0.04732575280204306,31.996005843960088
68.38880166988702,31.536778665333642,0.04735552066795481,31.489423144665686
68.48721292195259,31.414375825981836,0.047394885168781035,31.366980940813054
68.59900283312878,31.289207255695032,0.04743960113325151,31.24176765456178
68.12243413102489,32.354134571079,0.04724897365240996,32.30688559742659
68.2790405745679,31.564352981889087,0.04731161622982716,31.51704136565926
67.2577052345418,33.763630105484296,0.04690308209381672,33.716727023390476
67.71459140465622,31.828522425229366,0.047085836561862486,31.781436588667503
66.82417454359297,34.06624231747027,0.04672966981743719,34.01951264765283
65.42910827244309,35.9659579987068,0.04617164330897723,35.91978635539782
65.28698994433871,34.85512838376566,0.046114795977735476,34.80901358778792
65.55642985618574,34.174130231967226,0.04622257194247429,34.12790766002475
65.16411181208187,35.228206232022,0.04606564472483274,35.18214058729717
65.33373651522926,34.496638781623346,0.0461334946060917,34.45050528701726
66.39792254780077,32.53789141962771,0.0465591690191203,32.49133225060859
66.43260715374217,33.53270824031644,0.04657304286149686,33.48613519745494
66.45458584557355,33.523435462595074,0.04658183433822941,33.47685362825685
67.39257791257775,31.669430020418048,0.046957031165031096,31.622472989253016
66.21717017150576,34.958237569566236,0.0464868680686023,34.91175070149763
65.89678440674834,34.42360135800908,0.04635871376269933,34.37724264424638
66.44981085690873,32.997162692930885,0.046579924342763486,32.95058276858812
65.51374161779546,35.422327621317805,0.046205496647118184,35.37612212467069
65.61863600082958,34.276469616136296,0.04624745440033183,34.230222161735966
65.64271731068345,34.33320137946268,0.046257086924273376,34.28694429253841
65.63200675088828,34.37870380890689,0.04625280270035531,34.33245100620653
65.65811521773944,34.31577631540941,0.04626324608709577,34.269513069322315
65.95948744461491,33.73914032850962,0.046383794977845956,33.69275653353177
64.77040997824926,36.418667488116384,0.045908163991299704,36.372759324125084
63.837813676699895,37.09478262484947,0.045535125470679956,37.049247499378794
63.26183231819707,37.31414904030575,0.04530473292727883,37.26884430737847
63.651912784278885,35.9580067496393,0.04546076511371155,35.91254598452559
64.55066626552205,34.55058025323478,0.045820266506208816,34.504759986728565
64.12550004584308,36.29966617383589,0.045650200018337236,36.25401597381755
64.48027089620963,35.16495825342382,0.04579210835848385,35.119166145065336
65.0417517299002,34.396767436409235,0.04601670069196007,34.35075073571728
65.1489792040249,34.743793321850404,0.04605959168160995,34.69773373016879
64.96625763952716,35.21646392497058,0.04598650305581086,35.170477421914775
65.34946763473131,34.267322370064534,0.046139787053892524,34.22118258301064
65.86313152886585,33.62320457699961,0.04634525261154633,33.57685932438807
64.84430954339304,36.174512442079774,0.045937723817357216,36.12857471826241
65.07647706227925,34.69135541883453,0.046030590824911705,34.64532482800962
65.93726686862335,33.201943325032545,0.04637490674744933,33.15556841828509
65.71838895650089,34.50048895562158,0.04628735558260036,34.45420160003898
66.14344011555198,33.431508725396924,0.04645737604622079,33.385051349350704
67.20035576119373,31.742728593164514,0.046880142304477485,31.695848450860037
67.66652860108658,31.86729855902057,0.047066611440434634,31.820231947580133
68.93621873866313,29.794091123760325,0.04757448749546525,29.74651663626486
68.98232024715935,30.97157824434443,0.047592928098863736,30.923985316245563
69.53368029977489,29.914959647609578,0.04781347211990995,29.86714617548967
70.58084850423441,28.371983291306066,0.04823233940169376,28.323750951904373
70.31732373086855,29.946201042497307,0.04812692949234741,29.89807411300496
70.67070909571285,28.97590553944285,0.048268283638285135,28.927637255804562
70.2288555773863,30.212997940940255,0.048091542230954513,30.164906398709302
70.44089929454206,29.34705698830217,0.04817635971781682,29.298880628584353
70.12849630373604,30.183906687069978,0.04805139852149441,30.135855288548484
69.68177406157243,30.76494818059119,0.047872709624628966,30.717075470966563
70.6908424563601,28.300089148852223,0.048276336982544035,28.25181281186968
71.22747884031703,28.235884775726035,0.048490991536126814,28.187393784189908
71.38987002454625,28.447738791224523,0.0485559480098185,28.399182843214707
72.43860141757403,26.512667189398186,0.048975440567029606,26.463691748831156
72.43144994821412,27.57570152114579,0.04897257997928565,27.526728941166503
73.24428965195519,25.942870644303753,0.04929771586078207,25.89357292844297
71.5522546698431,30.139780312268996,0.04862090186793724,30.09115941040106
70.81709395469237,29.91806676045836,0.04832683758187694,29.869739922876484
72.20659320752779,26.40390753963679,0.048882637283011114,26.35502490235378
72.51485126288732,27.17689068175315,0.04900594050515492,27.127884741247996
73.54993983923886,25.4149715844096,0.04941997593569554,25.365551608473904
73.08584278330935,27.37825427262017,0.04923433711332373,27.329019935506846
72.411459817876,28.26292314755736,0.0489645839271504,28.213958563630207
72.63491490942546,27.14162999902507,0.04905396596377018,27.0925760330613
73.1715143813858,26.29188614665385,0.04926860575255432,26.242617540901296
74.77689081764997,23.617732746085863,0.049910756327059984,23.567821989758805
74.53222726369543,25.712436290259106,0.04981289090547816,25.662623399353627
74.27392483408374,25.984377595527945,0.04970956993363349,25.934668025594313
73.6853474470238,26.90322994003614,0.04947413897880951,26.853755801057332
72.26436773803488,29.156611970954046,0.04890574709521395,29.10770622385883
72.7679157758453,26.728536186344286,0.04910716631033812,26.679429020033947
73.19617621971652,26.375563336412256,0.049278470487886604,26.326284865924368
74.89876413255524,23.398647954606034,0.049959505653022096,23.348688448953013
74.0037580504011,26.891248031753037,0.04960150322016044,26.841646528532877
75.00616954530138,23.991418959798352,0.050002467818120545,23.94141649198023
74.65195086608892,25.702267813123527,0.04986078034643557,25.65240703277709
73.92640148798314,26.79914789012264,0.049570560595193255,26.749577329527447
75.68887965229452,22.548642183394108,0.0502755518609178,22.49836663153319
74.36084746780925,26.967184716676016,0.049744338987123694,26.91744037768889
77.06496211919716,20.230923229414927,0.05082598484767886,20.180097244567246
76.66425416705961,23.73645378507794,0.05066570166682384,23.68578808341112
75.46246279740228,25.739328572255047,0.050184985118960905,25.689143587136087
74.45974774185459,26.54296731369311,0.04978389909674183,26.49318341459637
74.11353339222866,26.232680957397264,0.04964541335689146,26.183035544040372
74.09955935823407,25.91441467576051,0.04963982374329362,25.864774852017216
74.33865545023792,25.42224845775823,0.04973546218009516,25.372512995578134
73.78726867925299,26.764118091731945,0.049514907471701196,26.714603184260245
74.35480698909248,25.077654701068028,0.04974192279563699,25.02791277827239
74.25385431050017,25.847098368092134,0.04970154172420007,25.797396826367933
76.55616252979287,21.14152925091443,0.05062246501191714,21.090906785902515
77.17905786700129,22.19804679579029,0.05087162314680051,22.14717517264349
78.19716948765523,20.78471889169083,0.051278867795062084,20.733440023895767
78.2433460215347,21.71047744458582,0.05129733840861388,21.659180106177207
78.75511463525655,20.733116751021612,0.05150204585410261,20.681614705167508
80.30948581522873,18.136143004799095,0.05212379432609149,18.084019210473002
80.39999694033921,19.50949193455031,0.052159998776135676,19.457331935774175
81.9118586836361,16.576279573067012,0.05276474347345444,16.52351482959356
83.46838846346182,14.975081756712456,0.05338735538538473,14.921694401327072
84.59847739515114,14.27143367315955,0.05383939095806045,14.217594282201489
85.84269407586105,12.913089243429042,0.05433707763034441,12.858752165798697
86.6471610155076,12.548372044845834,0.05465886440620304,12.49371318043963
86.84176539420928,12.963630227089055,0.0547367061576837,12.908893520931372
85.96892834230646,14.903908709596365,0.054387571336922576,14.849521138259442
86.4733126592509,13.022303023804668,0.05458932506370035,12.967713698740967
87.29957018860436,11.874172282042167,0.05491982807544174,11.819252453966726
87.13247852404687,13.034613140510615,0.054852991409618745,12.979760149100997
87.53759616410534,12.057286195836198,0.05501503846564213,12.002271157370556
88.56230840190756,10.412979360290223,0.05542492336076302,10.35755443692946
88.90307582047043,10.75615676096669,0.05556123032818817,10.700595530638502
88.78039633533155,11.342283149807344,0.05551215853413261,11.286770991273212
87.82242724931334,13.135541836704874,0.05512897089972533,13.08041286580515
86.63627676641468,14.549873716483972,0.05465451070656587,14.495219205777406
87.66393904779922,11.308398670816246,0.05506557561911968,11.253333095197126
89.26377946958397,9.136380108631286,0.05570551178783358,9.080674596843453
90.93762306262096,7.388533344342051,0.05637504922504838,7.332158295117003
91.68884328068772,7.559936501245517,0.05667553731227508,7.503260963933242
93.83989182306198,4.009059634563769,0.057535956729224784,3.9515236778345444
94.5264004089426,4.787091005176762,0.05781056016357704,4.729280445013186
93.87392887521108,6.7785426585204505,0.05754957155008442,6.720993086970366
93.8704253902187,6.13307809477368,0.05754817015608748,6.075529924617593
93.55123405881346,6.767957272591772,0.05742049362352538,6.710536778968247
94.03983806252575,5.4715579337619715,0.057615935225010295,5.413941998536961
92.61960790135873,8.800622259808279,0.05704784316054349,8.743574416647736
93.76425036936229,5.0911071626341595,0.05750570014774491,5.0336014624864145
93.57226566032107,6.619719048720157,0.057428906264128415,6.562290142456028
92.84422045567834,7.883824748964386,0.057137688182271336,7.826687060782115
93.04020694819066,6.763806559297024,0.05721608277927626,6.706590476517747
91.83076439129735,9.378678165595957,0.056732305756518935,9.321945859839438
91.95515503588535,7.920454319526641,0.05678206201435414,7.863672257512287
92.42121722627287,7.112720583339609,0.056968486890509144,7.0557520964491
94.94666142293272,2.5278943804074316,0.05797866456917308,2.4699157158382588
96.94802453038987,1.0506123621529753,0.05877920981215594,0.9918331523408194
98.42333874735473,0.10134703568040493,0.05936933549894188,0.041977700181463046
98.72646361203759,0.9704115232795516,0.05949058544481503,0.9109209378347366
98.26368818647114,2.199087239095306,0.05930547527458845,2.1397817638207175
96.23604784657222,5.791592493326704,0.05849441913862888,5.733098074188074
98.90594783174456,-1.575847816916891,0.05956237913269782,-1.6354101960495888
98.2138441424207,2.4782595469031605,0.05928553765696828,2.418974009246192
98.81156340520117,0.5907173320183574,0.05952462536208047,0.5311927066562769
97.49511767845962,3.821328048281927,0.05899804707138385,3.762330001210543
98.34778548119856,0.7995467160625083,0.05933911419247942,0.7402076018700289
96.54615589350772,5.255473694183124,0.058618462357403076,5.196855231825721
98.39185654161528,-0.23755718972284967,0.059356742616646106,-0.29691393233949576
99.09642307662142,0.199010388372443,0.05963856923064856,0.13937181914179445
97.96250237978754,3.1714183170463457,0.059185000951915014,3.112233316094431
96.32411917652797,5.314264026731593,0.05852964767061119,5.255734379060981
95.43431126684648,5.455496642835016,0.058173724506738585,5.397322918328277
94.54348846107699,6.347334344692499,0.057817395384430786,6.289516949308068
95.53724961910095,3.468989222875095,0.058214899847640375,3.4107743230274545
93.70250720962423,8.132235199852488,0.057481002883849684,8.07475419696864
93.76267428793874,6.177158633746757,0.05750506971517549,6.119653564031581
91.1574829966131,11.447708294712541,0.05646299319864523,11.391245301513896
91.85567887819455,7.446125240223992,0.05674227155127781,7.389382968672714
92.37361959588118,7.108439686432192,0.056949447838352464,7.051490238593839
92.07270026428847,8.228219067304238,0.056829080105715385,8.171389987198523
93.93036953055753,4.211961203173416,0.057572147812223,4.154389055361193
92.62030603769841,8.689757455160702,0.05704812241507936,8.632709332745623
92.5029050378657,7.614495961967009,0.057001162015146274,7.557494799951862
91.56269191396174,9.377521209942216,0.056625076765584696,9.320896133176632
91.79035417043005,7.981983573101644,0.056716141668172015,7.925267431433472
91.33774390382389,9.114866362782266,0.05653509756152955,9.058331265220737
90.22000794046188,10.897728022900125,0.05608800317618475,10.84164001972394
90.57928710588787,9.06143372868614,0.056231714842355146,9.005202013843785
89.15322517773433,12.272836750419216,0.05566129007109372,12.217175460348123
89.31194375122551,10.529337675283301,0.0557247775004902,10.473612897782811
89.6818321756122,9.948279400001113,0.05587273287024487,9.892406667130867
91.23246473759237,7.216902700427468,0.05649298589503694,7.160409714532431
90.8752520464729,9.481960644646577,0.056350100818589155,9.425610543827988
90.34050890510714,10.194234236258609,0.05613620356204285,10.138098032696567
89.2623926734207,11.81572355826573,0.05570495706936828,11.760018601196363
87.93173115475628,13.39893036390815,0.055172692461902505,13.343757671446248
86.88999506102118,14.151741032713915,0.05475599802440847,14.096985034689506
85.1270755293023,16.635844002416576,0.05405083021172092,16.581793172204854
85.98282650428956,13.161422520723178,0.05439313060171582,13.107029390121463
87.93059367842979,10.121639147429988,0.05517223747137191,10.066466909958617
87.66204464101546,12.606504396398876,0.05506481785640618,12.55143957854247
86.49787661417278,14.666291412669892,0.05459915064566911,14.611692262024222
86.61218142986148,13.273513754449823,0.054644872571944586,13.218868881877878
86.88743761288616,12.83730620408916,0.05475497504515446,12.782551229044005
85.90800227768625,15.071433057513659,0.0543632009110745,15.017069856602584
87.45838111241491,10.991240052856426,0.05498335244496596,10.93625670041146
89.24884275769206,8.960695597030792,0.05569953710307682,8.904996059927715
87.15559532956513,14.937652098561799,0.05486223813182605,14.882789860429973
88.45784902185406,10.239897285857012,0.05538313960874162,10.18451414624827
88.23238673010859,11.993075561636886,0.055292954692043435,11.937782606944841
86.58626629536221,15.059854139384171,0.054634506518144874,15.005219632866027
86.54795200124073,13.490362292880747,0.05461918080049629,13.43574311208025
86.04637018898377,14.455211623273186,0.05441854807559351,14.400793075197592
85.51423223557579,15.017905717832193,0.05420569289423031,14.963700024937962
84.41569203476367,16.68284816604846,0.053766276813905466,16.629081889234552
86.28606228719927,11.843567460365122,0.054514424914879706,11.789053035450243
86.08627451204049,14.113513263118293,0.05443450980481619,14.059078753313477
86.22277491546852,13.64072468110345,0.05448910996618741,13.586235571137262
85.55754787448316,15.107679166502194,0.054223019149793265,15.053456147352401
86.09968425476248,13.358179364958204,0.054439873701904985,13.303739491256298
87.2065986173292,11.686487020104067,0.054882639446931676,11.631604380657135
86.32375475573927,14.55908910585066,0.054529501902295704,14.504559603948364
86.34449791213883,13.634758931461604,0.05453779916485553,13.58022113229675
85.19756926872151,15.949359374695817,0.054079027707488604,15.895280346988327
84.59433395843888,16.008901351843747,0.05383773358337555,15.955063618260372
86.03766456757778,12.519004823283325,0.05441506582703111,12.464589757456293
87.59592756137707,10.845809444823644,0.05503837102455082,10.790771073799093
86.92605255775688,13.743822445863316,0.05477042102310275,13.689052024840214
88.47320038997051,9.979651777815846,0.0553892801559882,9.924262497659857
89.05720836861873,10.358783652733052,0.05562288334744749,10.303160769385604
86.92303306537313,15.211142237872465,0.05476921322614925,15.156373024646316
87.04615549532464,12.830722074723852,0.05481846219812985,12.775903612525722
87.26626282610076,12.513629843123127,0.0549065051304403,12.458723337992687
86.0536959229335,15.158870980233758,0.054421478369173396,15.104449501864584
85.97833645691449,14.097023009104518,0.054391334582765793,14.042631674521752
85.75956670283237,14.459203051249744,0.05430382668113295,14.404899224568611
86.41221488699561,12.935136928841146,0.05456488595479824,12.880572042886348
87.75637425573665,10.899466375522323,0.055102549702294654,10.844363825820029
87.66225182317432,12.431870609388014,0.05506490072926972,12.376805708658743
87.35421005659771,12.9538317099789,0.05494168402263908,12.89889002595626
88.73053120995354,9.893147636690628,0.05549221248398142,9.837655424206647
85.90839633113346,16.91373854768662,0.054363358532453374,16.859375189154168
84.335624334863,17.237147661407462,0.053734249733945194,17.183413411673516
83.14677282419325,18.0420786864765,0.0532587091296773,17.98881997734682
82.80448565813703,17.5378015079192,0.05312179426325481,17.484679713655943
83.3059924829439,16.19250069224921,0.053322396993177555,16.139178295256034
81.98479691427853,19.33639865438684,0.05279391876571141,19.28360473562113
82.28341051544199,17.41797588339456,0.052913364206176795,17.365062519188385
81.52372795151534,19.235954612411305,0.05260949118060613,19.183345121230698
81.37782328123632,18.768081389042706,0.052551129312494525,18.715530259730212
81.53147175473678,18.314879771762747,0.05261258870189471,18.262267183060853
83.64631277630998,14.238846202116818,0.05345852511052399,14.185387677006293
83.47960448521846,16.687103805873065,0.053391841794087375,16.633711964078977
83.8421359121665,15.795332660885464,0.0535368543648666,15.741795806520598
82.9031024411139,18.035931029938695,0.053161240976445555,17.982769788962248
81.74466310043945,19.413776240234995,0.05269786524017578,19.36107837499482
81.83899149831943,18.066680103800593,0.05273559659932777,18.013944507201266
81.85914746805388,18.120696562211677,0.052743658987221546,18.067952903224455
80.76655116480183,20.326045138450226,0.052306620465920724,20.273738517984306
78.88949758251356,22.987555999774713,0.05155579903300542,22.93600020074171
78.28485120892496,22.31979516466363,0.051313940483569985,22.26848122418006
79.76352533094656,18.757800547031835,0.05190541013237862,18.705895136899457
79.01324938751014,21.737026555926278,0.05160529975500405,21.685421256171274
79.89102950255177,19.231190382406595,0.05195641180102071,19.179233970605573
80.85004314264322,18.190943217265342,0.05234001725705728,18.138603200008284
80.90922278066277,19.03159758131767,0.052363689112265105,18.979233892205404
80.52169551041352,19.86583175983573,0.05220867820416541,19.81362308163156
81.90883821612076,16.70401907817201,0.0527635352864483,16.65125554288556
81.2214992419217,19.465839732277345,0.052488599696768674,19.413351132580576
79.93631630804204,21.34886662583763,0.05197452652321681,21.296892099314412
78.76558361201593,22.405149084010176,0.05150623344480637,22.35364285056537
76.41478186407757,25.936019883860794,0.05056591274563103,25.88545397111516
76.33869564384212,23.737390576393338,0.05053547825753684,23.6868550981358
77.03024686714896,22.278201909544194,0.050812098746859574,22.227389810797334
75.78390573511975,25.46243539690947,0.05031356229404789,25.412121834615423
74.23919236807943,27.305520998960887,0.049695676947231766,27.255825322013656
74.14113613725061,25.956920093578205,0.04965645445490024,25.907263639123304
72.84449306209513,28.45215001306036,0.04913779722483805,28.403012215835524
72.55764325514772,27.729206551799678,0.04902305730205909,27.68018349449762
73.4123460064793,25.73295124218913,0.049364938402591714,25.68358630378654
72.45407004746617,28.504205911546947,0.048981628018986464,28.45522428352796
74.57720936529523,23.29965131687571,0.04983088374611809,23.249820433129592
74.85391812748553,24.869373110324176,0.04994156725099421,24.819431543073183
74.57354031943058,25.706837488624373,0.04982941612777223,25.657008072496602
76.43402431170989,21.705491696010796,0.05057360972468395,21.654918086286113
74.21596460822461,28.00209509526067,0.04968638584328984,27.95240870941738
74.34531190918823,25.52534078984816,0.04973812476367529,25.475602665084484
74.04239974609207,26.26051241700408,0.04961695989843683,26.210895457105643
73.29020646212298,27.46198682184611,0.04931608258484919,27.412670739261262
72.59169200761313,28.106822446896714,0.04903667680304525,28.05778577009367
74.35565446576075,23.880383076091633,0.049742261786304295,23.83064081430533
74.75650426068057,24.842645944399607,0.04990260170427222,24.792743342695335
74.80511952370932,25.146265213261927,0.04992204780948373,25.096343165452442
75.17379276826269,24.45753398718395,0.05006951710730507,24.407464470076647
74.5023370544985,26.169118659265692,0.0498009348217994,26.119317724443892
74.89635829972467,24.709620455049162,0.049958543319889866,24.659661911729273
74.10044536414588,26.6954675714329,0.04964017814565835,26.64582739328724
75.9163824157287,22.267680532688473,0.05036655296629147,22.21731397972218
75.87425943919544,24.167863537337823,0.05034970377567818,24.117513833562146
75.60399615358084,24.666267132033767,0.05024159846143233,24.616025533572333
76.18093511835559,23.242125916869654,0.05047237404734223,23.191653542822312
75.30331937696482,25.574296364425948,0.05012132775078593,25.52417503667516
75.0160535875535,25.27121220185782,0.050006421435021396,25.2212057804228
74.03596187336903,26.944129840815435,0.04961438474934761,26.894515456066088
73.84154729714486,26.35286727907932,0.04953661891885794,26.303330660160462
72.07950251623015,29.682542264684557,0.04883180100649205,29.633710463678064
72.93111944521631,26.21726362579753,0.04917244777808652,26.16809117801944
72.3462947687088,28.238529907798707,0.04893851790748352,28.189591389891223
71.48574018924754,29.37481439021373,0.04859429607569901,29.32622009413803
70.95801966703516,29.569700855177217,0.04838320786681406,29.521317647310404
71.34989168195318,28.258236303128797,0.04853995667278127,28.209696346456017
70.98065483074814,29.38858202045691,0.04839226193229925,29.34018975852461
69.85078976677472,31.279075297198688,0.047940315906709885,31.231134981291977
69.66104436275472,30.52870104126528,0.04786441774510188,30.480836623520176
70.06600569467933,29.529032973396056,0.04802640227787173,29.481006571118183
71.22344946365955,27.619106767360236,0.04848937978546382,27.57061738757477
71.32480999877792,28.573829466103703,0.048529923999511164,28.525299542104193
71.7151228199962,27.89456435878553,0.04868604912799848,27.845878309657532
71.39694976833536,28.921223283325475,0.048558779907334135,28.87266450341814
70.92432999633641,29.54828977566254,0.04836973199853456,29.499920043664005
71.02352768263397,28.877274631068474,0.04840941107305358,28.82886521999542
72.07840815535292,26.866711371928133,0.048831363262141166,26.81788000866599
73.2244913804589,25.629425394435117,0.04928979655218355,25.580135597882933
73.18475962596682,26.85497212852526,0.04927390385038672,26.805698224674874
72.01708322298155,29.15059318000371,0.048806833289192615,29.10178634671452
71.83904450798518,28.338994207011197,0.04873561780319406,28.290258589208005
72.36567346943869,27.1076975691078,0.04894626938777547,27.058751299720022
71.7793539604106,28.806965548617484,0.04871174158416424,28.75825380703332
70.42175143473266,30.93585109094529,0.04816870057389305,30.8876823903714
69.03120072377759,32.35934998717748,0.047612480289511025,32.31173750688797
70.68768924307577,27.655822237626055,0.0482750756972303,27.607547161928824
69.33217128181302,32.02334667944973,0.0477328685127252,31.975613810937006
68.28470840415105,32.762754473510924,0.04731388336166042,32.715440590149264
67.54219257706427,33.20032325002251,0.04701687703082571,33.15330637299168
68.23005166862829,31.082089239807686,0.04729202066745132,31.034797219140234
69.69306750912163,28.843916650385026,0.04787722700364865,28.796039423381377
70.37520831921802,28.942650870685597,0.0481500833276872,28.89450078735791
71.0281866688304,28.318834981557217,0.04841127466753216,28.270423706889684
71.98219945320278,27.063787762424838,0.048792879781281114,27.014994882643556
70.90003376242204,30.1821319283587,0.04836001350496882,30.13377191485373
70.87338980472701,29.153254152968017,0.0483493559218908,29.104904797046128
71.10038326695097,28.67262327082507,0.04844015330678038,28.62418311751829
70.54038090255223,30.019621461846512,0.048216152361020885,29.97140530948549
69.95630351094206,30.6277738806681,0.047982521404376824,30.579791359263723
70.4822583967656,28.99178671741086,0.048192903358706234,28.943593814052154
69.68166976421152,31.11891886834256,0.047872667905684604,31.071046200436875
70.78835123405499,28.10496729610155,0.04831534049362199,28.056651955607926
71.52474361175332,27.73886401054834,0.048609897444701324,27.690254113103638
70.94614466725093,29.632454277251455,0.04837845786690037,29.584075819384555
71.9382752211952,27.069594224860538,0.048775310088478074,27.02081891477206
72.22513677064097,27.488001679913253,0.048890054708256386,27.439111625204998
73.14949135590754,25.926154058825887,0.04925979654236302,25.876894262283525
73.20834532255832,26.73280071079091,0.04928333812902333,26.68351737266189
73.22396772145804,26.76040987964224,0.049289587088583206,26.711120292553655
73.13040353750901,26.963160646440016,0.0492521614150036,26.91390848502501
72.202519485521,28.72536456646702,0.04888100779420839,28.676483558672814
71.24650300574895,29.709513474023098,0.048498601202299575,29.661014872820797
71.19053292255268,28.865437160643594,0.04847621316902107,28.816960947474573
72.75118102883476,25.688170864883148,0.049100472411533896,25.639070392471613
74.07572207498853,24.599736878857698,0.04963028882999541,24.550106590027703
75.09863609225893,23.878449890470677,0.050039454436903566,23.828410436033774
74.4837366640939,26.131162764071135,0.04979349466563756,26.081369269405496
73.88335457000767,26.71702752407856,0.04955334182800306,26.667474182250558
74.88266356267721,24.11802744465325,0.04995306542507088,24.06807437922818
74.27146529069051,26.33973298129618,0.049708586116276196,26.290024395179906
74.06105856937414,26.149348151942235,0.04962442342774965,26.099723728514483
74.76906070293644,24.522937163501254,0.04990762428117457,24.47302953922008
74.91876813548241,24.931524431971624,0.04996750725419296,24.881556924717433
74.51319756436082,25.892373006760764,0.049805279025744324,25.84256772773502
75.13194071909017,24.24931612618049,0.05005277628763607,24.199263349892853
76.13012142419794,22.87169787069429,0.05045204856967917,22.821245822124613
75.63563327948795,24.858854865222042,0.05025425331179518,24.808600611910247
75.84110577483995,23.953421729808056,0.050336442309935975,23.90308528749812
76.05754510398873,23.726015566862486,0.050423018041595484,23.67559254882089
75.47167503707131,25.114195029846115,0.05018867001482852,25.064006359831286
74.50962365226276,26.452427732545786,0.0498038494609051,26.402623883084882
73.74963261940486,27.010358413453034,0.049499853047761944,26.96085856040527
73.11576446320655,27.518103692991772,0.049246305785282614,27.46885738720649
74.5502842574937,24.015195948219144,0.04982011370299748,23.96537583451615
74.36564039487013,25.819003467753447,0.049746256157948046,25.769257211595498
74.34646271093393,25.672714973002257,0.04973858508437357,25.622976387917884
74.71037181216188,24.925719086610172,0.04988414872486475,24.87583493788531
74.41775791002168,25.874855992118526,0.04976710316400866,25.825088888954518
75.99499182258465,22.427774264852374,0.050397996729033855,22.37737626812334
76.14619725187592,23.702597318832815,0.050458478900750364,23.652138839932064
76.54460338292938,23.056990486017156,0.050617841353171746,23.006372644663983
77.86463785334344,20.815327676242504,0.05114585514133737,20.764181821101165
78.86281953731705,20.138998778709336,0.05154512781492682,20.08745365089441
78.94040246079501,20.982014615727024,0.051576160984318005,20.930438454742706
79.65892825406726,19.622545952660488,0.0518635713016269,19.57068238135886
81.36458840679936,16.92975144046855,0.052545835362719735,16.87720560510583
82.35480281966699,16.654982767465384,0.05294192112786679,16.602040846337516
83.29809411080082,15.75861459806535,0.053319237644320325,15.70529536042103
82.55494333756138,18.188207435678052,0.05302197733502455,18.135185458343027
80.91632403136772,20.72229527482594,0.052366529612547084,20.66992874521339
80.43889198475695,20.038540061853823,0.052175556793902775,19.98636450505992
80.97457394880574,18.489744087145468,0.0523898295795223,18.437354257565946
81.29870936893806,18.377155210929615,0.052519483747575216,18.32463572718204
81.26682304579408,18.765063277349896,0.05250672921831763,18.712556548131577
81.86953787000871,17.527747305776657,0.05274781514800348,17.474999490628655
81.40544660166526,19.05864466667819,0.0525621786406661,19.006082488037524
82.64170650574083,16.122033590183605,0.053056682602296325,16.06897690758131
80.35997656047218,21.921753384796475,0.05214399062418887,21.869609394172286
78.42010332034289,23.5197699197864,0.051368041328137146,23.468401878458263
79.02829394496193,20.363515430419028,0.05161131757798477,20.31190411284104
78.48285603187293,22.062581881216076,0.051393142412749164,22.011188738803327
78.40040295886506,21.68205011414281,0.05136016118354601,21.630689952959266
78.12912713095693,22.142148696951196,0.051251650852382764,22.090897046098814
77.51590487974843,23.097317371460065,0.05100636195189937,23.046311009508166
77.443848415903,22.628208047942422,0.0509775393663612,22.57723050857606
79.51716124254634,18.409525930810332,0.05180686449701853,18.357719066313315
79.26681479682178,20.983531648902783,0.051706725918728706,20.931824922984056
78.59643881668596,22.073937163449855,0.05143857552667438,22.02249858792318
78.94655649735245,20.703325821981068,0.05157862259894098,20.651747199382125
79.27028201195033,20.40599247345179,0.051708112804780125,20.35428436064701
80.91425121387222,17.44177958420589,0.05236570048554889,17.38941388372034
79.41791785097115,22.07841551192992,0.05176716714038846,22.026648344789532
77.72431162057471,23.96929460982173,0.05108972464822988,23.918204885173502
77.4364396528085,22.851432314957705,0.050974575861123396,22.800457739096583
76.51215770824021,24.412124236328083,0.05060486308329608,24.361519373244786
76.55997042280077,23.392216862638662,0.0506239881691203,23.34159287446954
73.45353172391158,29.65290697497761,0.04938141268956463,29.60352556228805
74.95252484783178,23.548482028248017,0.04998100993913271,23.498501018308886
74.54731780539335,25.857889237045086,0.04981892712215733,25.80807030992293
74.02830928079722,26.490699243798915,0.04961132371231888,26.441087920086595
72.8998666168829,28.22857604703141,0.049159946646753154,28.179416100384657
72.42426206980512,28.051342477272655,0.04896970482792205,28.002372772444733
72.98483525757578,26.45459155465356,0.04919393410303031,26.40539762055053
72.33074320364132,28.323348850293144,0.048932297281456524,28.274416553011687
73.26860508669706,25.79353303024719,0.04930744203467882,25.74422558821251
74.28311579645538,24.70237349378631,0.04971324631858215,24.65266024746773
73.96797469842971,26.34716639959595,0.04958718987937188,26.297579209716577
73.7233452953467,26.521284107736307,0.04948933811813868,26.471794769618167
73.17628440744261,27.370776480461487,0.04927051376297704,27.32150596669851
72.70777425222147,27.76073590299967,0.04908310970088858,27.711652793298782
72.85311933647563,27.00153557927021,0.04914124773459025,26.952394331535622
74.5109927388097,23.83113385885622,0.04980439709552388,23.781329461760695
74.16150101803723,26.18799070273525,0.04966460040721489,26.138326102328033
73.27183726775921,27.617826482518808,0.049308734907103684,27.568517747611704
72.97417051204576,27.32349624366769,0.0491896682048183,27.274306575462873
73.36955279138148,26.2350649292828,0.04934782111655259,26.185717108166248
73.75478563023643,25.859981530908627,0.04950191425209456,25.810479616656533
74.7154448866132,24.32389585701003,0.04988617795464527,24.274009679055386
76.15400751344272,22.407429859727756,0.05046160300537709,22.35696825672238
76.64958029428558,22.854846924871552,0.05065983211771423,22.80418709275384
76.91386221035657,22.821855873572446,0.05076554488414262,22.771090328688302
75.59780223870258,25.7182577329514,0.05023912089548103,25.66801861205592
75.74814230834163,24.10151762201933,0.05029925692333665,24.051218365095995
74.8783904354952,25.991361437351216,0.04995135617419808,25.94141008117702
73.26571836947356,28.346953696548084,0.04930628734778942,28.297647409200295
73.63157113455479,26.00257610036398,0.049452628453821916,25.95312347191016
73.24720799583805,27.137155142878683,0.049298883198335225,27.087856259680347
73.17732897680688,26.8925500422243,0.049270931590722745,26.843279110633578
74.4640629461114,24.24920308458408,0.04978562517844456,24.199417459405637
73.68046177509761,27.103139395916173,0.04947218471003904,27.053667211206132
74.01557012990837,25.649321515280874,0.04960622805196334,25.59971528722891
75.4975933205152,23.020383488877982,0.050199037328206075,22.970184451549777
74.49898661040699,26.499620099701218,0.04979959464416279,26.449820505057055
74.98704709030136,24.524892429804268,0.04999481883612054,24.47489761096815
75.55861102081506,23.86982504867123,0.050223444408326025,23.819601604262907
74.90943378155333,25.7397434577084,0.04996377351262132,25.689779684195777
75.5304004710865,23.848632839380343,0.05021216018843459,23.79842067919191
75.57444196619923,24.381516538688032,0.05022977678647969,24.331286761901552
74.98671605050238,25.60100986519447,0.04999468642020095,25.551015178774268
74.9475308238641,25.091654402774182,0.04997901232954563,25.041675390444638
75.46784054043319,24.011849742997725,0.050187136216173274,23.96166260678155
75.06117505189849,25.34549043663621,0.05002447002075939,25.295465966615453
76.16193633233158,22.73730238723533,0.050464774532932626,22.686837612702398
75.7550233349091,24.651889662513383,0.05030200933396363,24.60158765317942
76.17383908815252,23.40734515860406,0.050469535635261006,23.356875622968797
75.6090516223058,24.95573584354092,0.050243620648922314,24.905492222892
75.48321169209176,24.642628238122285,0.050193284676836696,24.592434953445448
75.74544195021969,23.992327791652386,0.05029817678008787,23.942029614872297
75.17265734834513,25.400127253529433,0.05006906293933805,25.350058190590094
75.4150834135323,24.342490521280524,0.050166033365412914,24.29232448791511
75.54574308426571,24.323597245000883,0.05021829723370628,24.273378947767178
75.70676745600483,24.132208172256057,0.05028270698240192,24.081925465273656
77.60808610079081,20.490595254423198,0.051043234440316325,20.43955201998288
79.88620189817351,17.835682304443793,0.051954480759269395,17.783727823684522
79.50736477638554,20.871472345402424,0.05180294591055421,20.81966939949187
79.12226477501773,21.26283522635009,0.051648905910007085,21.211186320440085
76.33174971450464,26.458765346008448,0.050532699885801856,26.408232646122645
75.16589740283152,25.9999549088416,0.0500663589611326,25.94988854988047
75.49075465528347,24.184388092264584,0.050196301862113386,24.134191790402472
73.16735289538113,29.15604886452121,0.04926694115815245,29.10678192336306
72.3802001864014,28.406952522578337,0.048952080074560554,28.358000442503776
72.77293246790296,26.834335250595473,0.049109172987161186,26.78522607760831
72.98906344648636,26.79480557493025,0.04919562537859454,26.745609949551657
74.27914274277332,24.43077796093972,0.04971165709710932,24.381066303842612
73.06176546625112,28.155611810271083,0.04922470618650044,28.106387104084583
71.87073601193778,29.320293442375558,0.04874829440477511,29.271545147970784
72.40244390352161,27.06584820489455,0.048960977561408645,27.016887227333143
72.05564534147658,28.29115322056846,0.04882225813659062,28.242330962431872
71.15012594307973,29.75539345531712,0.04846005037723189,29.706933404939885
70.6544333277925,29.841259287494722,0.048261773331116996,29.792997514163606
71.5144332548617,27.625566818069103,0.048605773301944676,27.57696104476716
70.76227899061999,29.98987527362172,0.048304911596247994,29.941570362025473
71.22116783613012,28.319943318359748,0.04848846713445205,28.271454851225297
69.2799066341183,32.66135456789351,0.04771196265364732,32.61364260523986
68.28395799208836,32.71199064994158,0.04731358319683534,32.66467706674475
68.78454594524388,30.714866101600606,0.047513818378097546,30.66735228322251
69.06984045961828,30.644865026007324,0.04762793618384731,30.597237089823476
68.80097109898222,31.467898261653843,0.04752038843959288,31.42037787321425
69.79674242349225,29.20748625199772,0.0479186969693969,29.159567555028325
68.41635712226864,32.964028178954976,0.04736654284890745,32.91666163610607
66.4802695349992,35.455818052270246,0.046592107813999674,35.409225944456246
66.68134119905497,33.117587136889256,0.04667253647962199,33.07091460040964
65.39051894573382,35.900303307587336,0.04615620757829352,35.854147100009044
65.76997142094683,33.850576103840154,0.04630798856837873,33.804268115271775
65.71671174006029,34.33654794082625,0.046286684696024115,34.29026125613023
65.47707095498667,34.762569830086946,0.04619082838199467,34.71637900170495
65.60470972074882,34.26765151348904,0.04624188388829952,34.22140962960074
65.7305669516097,34.14357581752941,0.04629222678064388,34.097283590748766
65.81706090112621,34.09644514935728,0.046326824360450485,34.05011832499683
64.14278696711204,37.53148696690212,0.04565711478684482,37.48582985211528
63.48690935363717,37.16896825983771,0.04539476374145487,37.123573496096256
62.606941529102244,38.27302629543268,0.04504277661164089,38.22798351882104
61.97321973691858,38.660502055265084,0.04478928789476743,38.61571276737032
61.840742531472536,38.29173467397351,0.044736297012589014,38.24699837696092
60.52111726666701,40.79850799813851,0.044208446906666796,40.754299551231846
60.282986721791474,39.955143823084065,0.04411319468871659,39.911030628395345
59.533543641181254,41.215899439428966,0.04381341745647249,41.1720860219725
60.25244170101768,39.02866023914589,0.04410097668040707,38.98455926246549
60.16562639561902,39.92118890977964,0.04406625055824761,39.87712265922139
58.69324802803045,42.779130339558115,0.043477299211212184,42.735653040346904
58.25954935122216,42.17414932558613,0.043303819740488865,42.13084550584564
57.026442192662365,44.20666496589743,0.04281057687706494,44.163854389020365
57.04577667500593,42.9348888426505,0.04281831067000237,42.8920705319805
57.21721649835104,42.61134367830385,0.04288688659934042,42.568456791704506
57.36699911225509,42.48321827384087,0.042946799644902035,42.44027147419597
58.290513401536174,40.78597230918274,0.043316205360614465,40.74265610382213
58.26421349953228,41.76208640247161,0.043305685399812915,41.718780717071795
59.34981253660503,39.564588426322224,0.04373992501464201,39.52084850130758
60.65988003859948,38.030052459406065,0.044263952015439784,37.98578850739062
61.368355527018245,37.92316898456299,0.0445473422108073,37.878621642352186
59.51116661665553,42.346022293707186,0.04380446664666221,42.302217827060524
59.466792740602926,40.57758113544968,0.043786717096241164,40.53379441835344
59.85856483802815,39.749663064546624,0.043943425935211264,39.70571963861141
60.35459858568009,39.14936766666798,0.04414183943427204,39.1052258272337
58.4234182719604,43.507762041759285,0.04336936730878416,43.4643926744505
59.234624799491755,39.95416867297689,0.0436938499197967,39.91047482305709
58.32607919068128,42.5824664181292,0.043330431676272506,42.539135986452926
58.49329844097979,41.33948230872169,0.04339731937639191,41.2960849893453
57.45295024477303,43.587397951433736,0.0429811800979092,43.544416771335825
56.70119686550704,44.05055651375894,0.042680478746202816,44.007876035012735
57.65451610215825,41.39216466119055,0.0430618064408633,41.34910285474969
58.320529729623196,41.013456642911855,0.04332821189184927,40.97012843102001
58.540777498597016,41.23897473242916,0.04341631099943881,41.19555842142972
59.301772335217606,39.937232828161804,0.04372070893408704,39.893512119227715
59.02399826645497,41.25377580230767,0.04360959930658199,41.21016620300109
59.584767527633396,39.854463211188175,0.04383390701105335,39.81062930417712
59.30994390898642,40.96487970966056,0.04372397756359457,40.92115573209696
59.763198863639474,39.78354618170747,0.04390527954545579,39.739640902162016
60.0275640382107,39.70807078721808,0.04401102561528428,39.66405976160279
59.29163508583643,41.44429386653783,0.04371665403433457,41.4005772125035
58.84478689997595,41.60206128588453,0.04353791475999038,41.558523371124544
58.9493260786084,40.94613474275915,0.043579730431443364,40.9025550123277
59.34271334995812,40.263899378692166,0.043737085339983245,40.22016229335218
59.511043551240036,40.320626247478046,0.04380441742049601,40.27682183005755
59.10236389113058,41.30631576897888,0.043640945556452225,41.26267482342242
59.108032714094314,40.88629846294195,0.043643213085637726,40.842655249856314
59.09100874505333,40.926015223987655,0.04363640349802132,40.882378820489635
59.93138792822833,39.228232888596665,0.04397255517129133,39.18426033342537
58.91705115819668,42.09728561183498,0.043566820463278665,42.0537187913717
59.03907337951107,40.83890439917453,0.04361562935180443,40.795288769822726
58.47418880704889,42.090695765413294,0.043389675522819554,42.047306089890476
59.15737326365584,40.159442279737206,0.043662949305462335,40.11577933043174
59.80086724829226,39.555638767071315,0.043920346899316905,39.511718420171995
59.0783553180767,41.64415661213886,0.04363134212723068,41.60052527001163
58.92750227559578,41.22335076688515,0.043571000910238314,41.17977976597491
58.89603049279353,41.13544129000872,0.04355841219711741,41.09188287781161
58.09352253023644,42.708985432320645,0.04323740901209458,42.66574802330855
58.02387196672532,42.045778596785794,0.04320954878669012,42.0025690479991
57.166950993097224,43.689969980530876,0.04286678039723889,43.647103200133635
58.39238559788663,40.382179797323964,0.043356954239154644,40.338822843084806
59.077397339774976,40.23759091833668,0.043630958935909986,40.19395995940077
58.47507679287879,42.1272437540174,0.04339003071715151,42.08385372330025
59.318549063575475,39.83797866572784,0.04372741962543019,39.794251246102405
57.85239460291914,43.61375985773719,0.04314095784116765,43.570618899896026
57.62195671555861,42.60848117180192,0.04304878268622345,42.5654323891157
58.53737305574329,40.547210604072035,0.043414949222297314,40.50379565484974
58.55157157564129,41.43422990446071,0.04342062863025651,41.39080927583045
58.36302006720895,41.82553144122339,0.04334520802688358,41.782186233196505
56.80687494629987,44.74927017460921,0.04272274997851994,44.706547424630685
58.26089691843107,40.285081109437726,0.043304358767372424,40.241776750670354
57.84411361444801,42.57266968953505,0.04313764544577921,42.529532044089265
58.20101581560865,41.442081983230715,0.043280406326243456,41.39880157690447
58.38018909029194,41.440637635024764,0.043352075636116774,41.39728555938865
58.63544305371761,41.109302982856725,0.04345417722148705,41.06584880563524
58.50251493697742,41.63041317976277,0.04340100597479097,41.587012173787976
58.585387907973555,41.33173912103031,0.043434155163189415,41.28830496586712
58.81380936448954,40.95776917899447,0.04352552374579582,40.914243655248676
59.70849843969035,39.39681248510884,0.04388339937587614,39.35292908573296
60.169419976632895,39.36965848642456,0.04406776799065316,39.32559071843391
59.305735961826144,41.557948052980606,0.04372229438473046,41.51422575859588
58.49305376454308,42.31962843273999,0.043397221505817235,42.27623121123417
59.39739160917215,39.69827054619877,0.04375895664366886,39.6545115895551
60.145440903172,39.10650980282815,0.0440581763612688,39.06245162646688
59.88124758411485,40.3829457349423,0.04395249903364594,40.33899323590865
59.4708450202255,40.93955754366386,0.0437883380080902,40.89576920565577
59.09513212273316,41.28058077475917,0.04363805284909326,41.23694272191008
60.38724091392985,38.32065029487346,0.04415489636557194,38.27649539850789
61.57073567875657,37.24576955641671,0.044628294271502625,37.20114126214521
61.216063994472115,39.13860768981234,0.04448642559778884,39.09412126421455
61.39060159538386,38.43486080370439,0.04455624063815354,38.39030456306624
60.054359737956695,41.281882119470474,0.04402174389518267,41.23786037557529
59.32970354099019,41.39495265597632,0.04373188141639607,41.35122077455992
59.989914406411515,39.34987472816716,0.0439959657625646,39.305878762404596
60.799105852277734,38.39170270185605,0.0443196423409111,38.34738305951514
59.560917502096636,41.67727084808446,0.04382436700083865,41.633446481083624
58.710389134686366,42.140139232723904,0.04348415565387454,42.09665507707003
59.19499104079027,40.320407053105825,0.0436779964163161,40.27672905668951
60.05043082714769,39.094129386494885,0.04402017233085907,39.050109214164024
59.84317343239638,40.36408396235494,0.043937269372958554,40.32014669298198
60.56050683240498,38.72215976758641,0.044224202732961994,38.67793556485345
61.25089182744876,38.05872317750746,0.0445003567309795,38.01422282077648
61.477510545871425,38.29587073570591,0.044591004218348565,38.251279731487564
61.82650570198503,37.82449914190137,0.04473060228079401,37.77976853962058
61.834665515907005,38.15717467017102,0.0447338662063628,38.11244080396465
61.062163029800395,39.710339456306215,0.044424865211920156,39.66591459109429
60.61087478550557,39.84041345878925,0.04424434991420222,39.79616910887505
60.871190222635406,38.86849434023476,0.044348476089054165,38.824145864145706
60.19537867377649,40.48043287508243,0.04407815146951059,40.436354723612915
60.27264933397953,39.65008000581743,0.04410905973359181,39.605970946083836
60.01701960096247,40.23861013205459,0.04400680784038498,40.19460332421421
60.1229844437955,39.771050713371466,0.044049193777518196,39.72700151959395
59.96774790864444,40.18748862650662,0.04398709916345777,40.14350152734316
61.747931275404845,36.47188535783475,0.044699172510161936,36.42718618532459
63.89009233273353,33.967746609937784,0.045556036933093416,33.92219057300469
63.405523676072406,37.07904498058872,0.04536220947042896,37.03368277111829
62.95578863345009,37.493946409172224,0.045182315453380036,37.44876409371884
61.349702734229574,40.25638316499094,0.04453988109369183,40.21184328389725
60.88264185706819,39.5844190200932,0.044353056742827274,39.54006596335037
61.77153335097285,37.33957515512248,0.044708613340389135,37.29486654178209
60.9568395422118,39.857854266549246,0.04438273581688472,39.813471530732365
60.82334098915295,39.310157563905896,0.044329336395661174,39.265828227510234
61.11699694696702,38.58934709521891,0.0444467987787868,38.544900296440126
61.33198672366213,38.453023499642754,0.044532794689464854,38.40849070495329
63.15200577568514,35.02797517229185,0.04526080231027406,34.98271436998158
63.96530335791759,35.22139905984996,0.04558612134316704,35.17581293850679
64.80432689837163,34.356649561174336,0.04592173075934865,34.31072783041499
65.2226912674792,34.358944363413215,0.04608907650699168,34.31285528690622
64.91734148642647,35.388008294626275,0.04596693659457058,35.34204135803171
65.05850357152696,34.800334343372555,0.04602340142861078,34.75431094194394
64.5466045119567,35.96529454761355,0.04581864180478268,35.91947590580877
65.82900325230781,32.88859800734107,0.04633160130092313,32.84226640604015
65.3154886127458,35.19802602681622,0.046126195445098314,35.151899831371125
64.58363320230477,36.14822220813626,0.0458334532809219,36.10238875485534
65.81630126456905,32.95103067316667,0.04632652050582762,32.90470415266084
65.45912025391843,34.89806075673219,0.046183648101567366,34.851877108630624
65.09751768975896,35.26408487440051,0.04603900707590358,35.218045867324605
66.39987100046837,32.29777568882223,0.046559948400187345,32.25121574042204
66.11830438650658,34.163262227455206,0.04644732175460263,34.1168149057006
67.41529531695399,31.287713752598606,0.04696611812678159,31.240747634471823
68.50668391471677,30.40192748752044,0.047402673565886705,30.35452481395455
68.65034399339173,31.205995927933316,0.047460137597356684,31.158535790335957
66.96649307780187,34.717357837787986,0.04678659723112075,34.67057124055687
66.62416590064001,33.718161276521855,0.046649666360256,33.6715116101616
66.34799434836272,33.92817720391457,0.04653919773934508,33.88163800617523
65.72942847928857,34.889137389785574,0.04629177139171542,34.84284561839386
65.91978719798132,33.88985408332593,0.04636791487919253,33.84348616844674
65.25342801666034,35.41293116466065,0.04610137120666413,35.36682979345398
66.66526057965936,31.922906857341616,0.04666610423186374,31.87624075310975
67.4773039269133,31.710652725832773,0.046990921570765315,31.66366180426201
66.97984490836738,33.51761411017853,0.04679193796334695,33.47082217221518
66.38904134109394,34.2017622261795,0.046555616536437576,34.15520660964306
68.67623064338102,29.036580054331907,0.047470492257352406,28.989109562074553
69.46540649415171,29.745417655077603,0.04778616259766068,29.697631492479942
69.72437914241144,30.016648209328835,0.04788975165696457,29.96875845767187
70.22167493827286,29.281029265865726,0.04808866997530914,29.232940595890415
69.71693342766895,30.78780808293496,0.04788677337106758,30.73992130956389
69.97008155485551,29.776770317957926,0.0479880326219422,29.728782285335985
69.72001801087822,30.53004553309907,0.04788800720435129,30.482157525894717
69.78306979965802,30.153878411562175,0.04791322791986321,30.10596518364231
71.57064653119535,26.64177673726732,0.04862825861247813,26.593148478654843
71.63436599905424,28.301914533086872,0.048653746399621695,28.25326078668725
70.11497120721116,31.404423584631928,0.04804598848288445,31.356377596149045
71.45058855916598,27.213794088879197,0.048580235423666386,27.16521385345553
72.55186612581319,26.346856307539596,0.04902074645032527,26.297835561089272
72.30506212612113,27.941741873570933,0.04892202485044844,27.892819848720485
73.13191511798772,26.041231890145696,0.049252766047195085,25.9919791240985
72.51705230865807,28.097810500671585,0.04900682092346322,28.048803679748122
71.1932159821585,30.130620344341054,0.048477286392863396,30.08214305794819
71.50204342132946,28.189129139499585,0.04860081736853178,28.140528322131054
70.87415952679916,29.753724367731138,0.04834966381071966,29.70537470392042
71.38034791938085,28.113463688037456,0.04855213916775234,28.064911548869702
69.96099480574976,31.458358307881326,0.0479843979222999,31.410373909959027
70.50266741545259,28.95565997484458,0.04820106696618103,28.907458907878397
69.94489675595567,30.612873903541256,0.047977958702382265,30.564895944838874
69.83958337484458,30.26573000626651,0.04793583334993783,30.21779417291657
69.36298394729134,31.1136154802619,0.04774519357891653,31.065870286682983
69.09484303049143,31.173297886308475,0.04763793721219657,31.125659949096278
68.33429432728362,32.4262543759242,0.047333717730913445,32.37892065819329
67.9109773821631,32.51233956295742,0.04716439095286524,32.46517517200456
67.98517680886367,31.940623764435756,0.047194070723545464,31.89342969371221
67.07356055143808,33.838055705987514,0.046829424220575226,33.79122628176694
67.32772069762599,32.418119156186094,0.0469310882790504,32.37118806790704
65.71584122927571,35.89603823907457,0.04628633649171028,35.84975190258286
64.40667208604098,36.90249705719374,0.04576266883441639,36.85673438835933
64.50071421930022,35.40524364744054,0.045800285687720085,35.359443361752824
64.96273659125752,34.57524103678517,0.04598509463650301,34.52925594214867
64.06476146647128,36.83321365831496,0.04562590458658851,36.787587753728374
62.48209175983194,39.100577946807405,0.044992836703932775,39.05558511010347
63.53458565640368,35.41292044702458,0.045413834262561466,35.36750661276202
64.03379430196821,35.46699705246725,0.04561351772078728,35.42138353474646
62.97460106696982,38.08459216802858,0.045189840426787926,38.03940232760179
63.15497951999897,36.66464202697188,0.045261991807999585,36.619380035163886
62.651017107382366,37.852945305234236,0.04506040684295295,37.807884898391286
63.05786006980144,36.53529696777948,0.045223144027920575,36.49007382375156
62.84697892521888,37.36390221936369,0.04513879157008755,37.3187634277936
63.306385004733556,36.234208915751765,0.045322554001893424,36.18888636174987
63.91054912493095,35.48528675487165,0.045564219649972384,35.43972253522168
64.34196215114969,35.22662482263158,0.04573678486045987,35.18088803777112
63.647893355263875,37.04617544062194,0.045459157342105545,37.00071628327983
63.80765074865842,36.03259185794704,0.04552306029946337,35.987068797647574
64.35142110032129,35.10480854801584,0.04574056844012851,35.05906797957571
64.01908040059332,36.31326029913464,0.045607632160237326,36.267652666974406
63.274681745630105,37.469716909333115,0.04530987269825204,37.42440703663486
62.415070145243135,38.444541455143835,0.04496602805809725,38.399575427085736
62.24394188568078,37.92718637388157,0.04489757675427231,37.882288797127295
63.90198694868919,34.4399679883024,0.04556079477947568,34.39440719352292
63.23003708110741,37.44191278647437,0.04529201483244296,37.39662077164193
63.439464070346176,36.35110894041506,0.045375785628138474,36.30573315478692
62.750045230559756,37.939373609226664,0.0451000180922239,37.89427359113444
62.430031779044214,37.88998167247133,0.04497201271161768,37.84500965975971
61.85076410984477,38.72850355935468,0.04474030564393791,38.68376325371074
62.685777972349385,36.479208165146,0.045074311188939745,36.43413385395706
62.19685031768404,38.29207733698131,0.04487874012707361,38.24719859685423
61.806634620796665,38.58358107609071,0.04472265384831866,38.53885842224239
61.02336304487261,39.759908531051444,0.044409345217949044,39.715499185833494
59.75199249627926,41.519378052314096,0.0439007969985117,41.47547725531558
58.92865633512486,41.89467982602953,0.04357146253404995,41.851108363495484
58.396875014226794,42.134906306671276,0.04335875000569071,42.09154755666559
57.87778908019293,42.64129685384093,0.04315111563207717,42.59814573820885
58.50387936300244,40.87003035418805,0.04340155174520097,40.826628802442855
59.0338952422824,40.436088878437644,0.043613558096912954,40.39247532034073
59.59778739762231,39.83832044703777,0.04383911495904892,39.794481332078725
61.17552560541611,37.24673618679009,0.044470210242166436,37.20226597654792
62.53115625169475,36.113213102026606,0.045012462500677905,36.06820063952593
62.80018778255884,36.93078068657708,0.04512007511302353,36.885660611464054
62.70355726130169,37.39307325995546,0.04508142290452067,37.347991837050934
61.85804169778601,38.987473865729676,0.044743216679114406,38.94273064905056
61.99679364572886,37.86445440632829,0.04479871745829154,37.81965568887
60.94070895828557,40.11537572915772,0.044376283583314226,40.07099944557441
61.475053266674884,37.9906024249358,0.044590021306669954,37.94601240362913
62.06795839286683,37.33913648094123,0.04482718335714672,37.29430929758408
63.822389881270446,34.423178630325936,0.04552895595250817,34.37764967437343
63.47307833434751,36.87623321257542,0.045389231333739004,36.830843981241685
62.997868417094416,37.47734150015868,0.045199147366837764,37.43214235279184
62.016441193148566,38.964986030797284,0.04480657647725942,38.92017945432003
62.469012689268986,37.078415814610594,0.04498760507570759,37.03342820953489
63.68535035470689,35.098311979855204,0.04547414014188275,35.05283783971332
63.90064518249841,35.884059989710074,0.045560258072999356,35.83849973163708
63.37736048970627,37.14592420308587,0.0453509441958825,37.10057325888999
64.68851790088793,34.00032468793041,0.045875407160355174,33.954449280770056
65.63546346662005,33.417590967647826,0.046254185386648015,33.371336782261174
64.38445425128288,36.8665549640543,0.04575378170051314,36.82080118235379
64.09179719499683,36.20085986128922,0.04563671887799872,36.15522314241122
63.77388639698388,36.54402440102906,0.045509554558793554,36.49851484647027
64.27933889129375,35.21520861439639,0.045711735556517495,35.16949687883987
65.54712874583618,33.185081399621396,0.04621885149833447,33.138862548123065
64.20480584548032,37.13751705487553,0.04568192233819213,37.09183513253734
64.14258405063451,35.9196377442113,0.0456570336202538,35.87398071059105
63.99164117008392,36.159301710466664,0.04559665646803356,36.11370505399863
63.77985423095808,36.431932708167764,0.04551194169238323,36.38642076647538
63.46580165370269,36.8482509235527,0.04538632066148107,36.80286460289122
62.56532113369789,38.335159386306906,0.045026128453479156,38.29013325785343
62.037567342455745,38.4901864487864,0.0448150269369823,38.44537142184942
60.96176570902316,40.11403592440942,0.044384706283609264,40.06965121812581
61.54066221487658,37.880441279269995,0.04461626488595063,37.83582501438404
61.24018689785354,39.0602884191695,0.04449607475914141,39.015792344410364
61.79253147248078,37.65512395289198,0.04471701258899231,37.61040694030299
61.60332081846506,38.58588983555067,0.04464132832738602,38.54124850722328
62.18456697021541,37.234186878034244,0.044873826788086164,37.18931305124616
61.70601859742867,38.77252977535807,0.044682407438971464,38.727847367919104
62.36284169076666,36.98033521589535,0.04494513667630666,36.93539007921905
61.84996555281687,38.66291058513292,0.04473998622112675,38.618170598911796
62.39474777915927,37.060469994498334,0.04495789911166371,37.01551209538667
62.98893653689901,36.416874705361245,0.0451955746147596,36.371679130746486
61.5993344845622,39.79026756777461,0.044639733793824875,39.74562783398079
61.593740566683906,38.41185335119439,0.04463749622667356,38.36721585496772
61.229527089859246,39.13468638696541,0.044491810835943696,39.09019457612947
62.03800961723337,37.153507855392505,0.044815203846893345,37.10869265154561
61.929230695166346,38.17954822690068,0.04477169227806654,38.13477653462261
61.76467815545779,38.39987438425077,0.04470587126218311,38.35516851298859
62.06762150729656,37.62943514086467,0.04482704860291862,37.58460809226175
62.882929629382375,36.30176224853181,0.045153171851752945,36.25660907668006
63.03909195464277,36.80474572009683,0.0452156367818571,36.75953008331498
62.668353398534016,37.70238515757474,0.0450673413594136,37.657317816215325
63.64484761196684,35.37865817460034,0.04545793904478673,35.33320023555555
63.304311390182185,37.03622483160247,0.04532172455607287,36.99090310704639
65.14892207914855,33.00646723188509,0.04605956883165942,32.96040766305343
64.94835172695127,35.252218625246,0.0459793406907805,35.206239284555224
65.53505403061305,33.878243665725165,0.04621402161224522,33.83202964411292
65.20756214360419,35.11992974340467,0.04608302485744167,35.07384671854723
64.48269774598539,36.24216665163341,0.045793079098394154,36.196373572535016
64.45069208296962,35.58131358004614,0.04578027683318785,35.53553330321296
65.28669560606262,33.87730087084438,0.046114678242425045,33.831186192601955
65.87709220601535,33.532511194031926,0.046350836882406134,33.48616035714952
66.15062380688104,33.57584459225326,0.04646024952275241,33.52938434273051
67.10753271553888,31.935558375803282,0.04684301308621555,31.88871536271707
68.46539595753275,30.176740800473382,0.0473861583830131,30.12935464209037
69.01311295642881,30.439170044675123,0.047605245182571525,30.391564799492553
69.50377808363655,30.00555678915572,0.047801511233454615,29.957755277922264
70.32443156221319,28.854914959210163,0.04812977262488528,28.806785186585277
69.3599989267582,31.604433708696803,0.04774399957070328,31.5566897091261
69.03704353843798,31.285911849882226,0.04761481741537519,31.23829703246685
69.49395143645725,30.04914066552348,0.047797580574582894,30.0013430849489
68.54292836557944,32.40809470529837,0.04741717134623177,32.360677533952135
69.45183840721589,29.639251551147666,0.04778073536288635,29.59147081578478
68.54495116289469,32.36193608142651,0.047417980465157876,32.31451810096135
68.25921645635191,32.026518250190875,0.047303686582540756,31.979214563608334
69.55442474024974,29.15036697585242,0.047821769896099896,29.10254520595632
69.19374749434427,31.166929751561213,0.0476774989977377,31.119252252563474
68.93114504603052,31.33145740228322,0.04757245801841221,31.28388494426481
68.71257338664272,31.50599827274509,0.047485029354657086,31.45851324339043
69.00754483545902,30.697483715724687,0.0476030179341836,30.649880697790504
68.06386231288903,32.87982020968096,0.047225544925155606,32.8325946647558
67.69349542319245,32.67687146650414,0.047077398169276974,32.62979406833486
68.43972284686333,30.81404972946578,0.04737588913874533,30.766673840327034
69.47327448146014,29.493173883943058,0.04778930979258405,29.445384574150474
69.95480426432195,29.563665952816237,0.04798192170572878,29.515684031110506
69.180272050587,31.594260163147936,0.0476721088202348,31.546588054327703
70.05322220952623,29.073827631534556,0.048021288883810485,29.025806342650746
70.26909882617906,29.515024557168104,0.048107639530471626,29.466916917637633
70.85486593495366,28.55936695627173,0.04834194637398146,28.51102500989775
72.16571496737755,26.523436000198558,0.048866285986951016,26.474569714211608
72.41360491913328,27.338505129111,0.04896544196765331,27.289539687143346
72.74339963992382,26.926805639285632,0.049097359855969525,26.877708279429662
74.24342517463225,24.256549290659322,0.0496973700698529,24.206851920589468
72.94265702422426,28.35811112618373,0.049177062809689705,28.30893406337404
72.0831435853985,28.776369853427255,0.0488332574341594,28.727536595993097
73.23983337917277,25.603476827052972,0.0492959333516691,25.554180893701304
71.93695204844403,29.36592928228471,0.048774780819377604,29.317154501465332
71.8777174481822,28.181517152079635,0.04875108697927288,28.132766065100363
71.26982759298328,29.338062262215644,0.04850793103719331,29.28955433117845
70.1909096255443,30.88800834189469,0.04807636385021771,30.839931978044472
69.25007194139584,31.690765742752603,0.04770002877655834,31.643065713976046
69.25762895337265,30.734814034650555,0.04770305158134905,30.687110983069207
68.06690739005005,33.12381417327255,0.04722676295602001,33.07658741031653
68.28029736352174,31.506312663006568,0.04731211894540869,31.45900054406116
67.62659599007608,33.02710538336957,0.04705063839603043,32.98005474497354
68.58793337921773,30.450729231640622,0.047435173351687086,30.403294058288935
68.34831987346503,31.89129363228767,0.04733932794938601,31.843954304338283
67.67269618243581,33.0029275085934,0.04706907847297432,32.95585843012043
66.22284779127146,35.22700059989289,0.046489139116508586,35.18051146077638
66.20670637590277,33.809435039465924,0.04648268255036111,33.76295235691556
