Underlying Price,Straddle Profit,Futures Profit,Total Profit,Total Profit with Starting Capital
97.30914300077596,0.0,0.0,0.0,100.0
97.88679299020865,2.1132070097913527,-0.5776499894326861,1.5355570203586666,101.53555702035867
95.3998601921308,4.600139807869198,2.486932798077845,7.087072605947043,107.08707260594704
95.58412038676893,4.41587961323107,-0.18426019463812793,4.231619418592942,104.23161941859294
95.20760494008935,4.792395059910646,0.37651544667957637,5.1689105065902226,105.16891050659022
95.17434446497316,4.82565553502684,0.03326047511619379,4.858916010143034,104.85891601014303
92.6750521646129,7.324947835387107,2.499292300360267,9.824240135747374,109.82424013574737
91.99459335271423,8.005406647285767,0.6804588118986601,8.685865459184427,108.68586545918443
91.94049345234632,8.059506547653683,0.05409990036791612,8.1136064480216,108.1136064480216
92.28174253173904,7.718257468260958,-0.34124907939272475,7.377008388868234,107.37700838886823
90.39866790711064,9.601332092889365,1.8830746246284065,11.484406717517771,111.48440671751777
91.5129865833096,8.487013416690402,-1.1143186761989625,7.37269474049144,107.37269474049144
90.89265790337043,9.107342096629566,0.6203286799391634,9.72767077656873,109.72767077656873
89.35339102545697,10.646608974543028,1.5392668779134624,12.18587585245649,112.18587585245649
89.63234561499053,10.367654385009473,-0.278954589533555,10.088699795475918,110.08869979547592
90.57139235175867,9.428607648241325,-0.9390467367681481,8.489560911473177,108.48956091147318
91.60488254473998,8.39511745526002,-1.0334901929813043,7.361627262278716,107.36162726227872
91.50939125603523,8.49060874396477,0.09549128870474988,8.58610003266952,108.58610003266952
91.49175458435423,8.508245415645774,0.01763667168100369,8.525882087326778,108.52588208732678
91.03252699473312,8.967473005266882,0.45922758962110777,9.42670059488799,109.42670059488799
90.50484392175824,9.495156078241763,0.5276830729748809,10.022839151216644,110.02283915121664
90.48653419208961,9.513465807910393,0.01830972966862987,9.531775537579023,109.53177553757902
89.56910191633263,10.430898083667373,0.9174322757569797,11.348330359424352,111.34833035942435
86.60187596806179,13.39812403193821,2.967225948270837,16.365349980209047,116.36534998020905
86.82132616703909,13.17867383296091,-0.21945019897729878,12.959223633983612,112.95922363398361
84.76175422840348,15.238245771596524,2.0595719386356137,17.297817710232138,117.29781771023214
85.73971701940506,14.260282980594937,-0.9779627910015876,13.28232018959335,113.28232018959335
84.12944363235822,15.870556367641782,1.6102733870468455,17.480829754688628,117.48082975468863
84.77959038706541,15.220409612934588,-0.650146754707194,14.570262858227395,114.5702628582274
84.64475692400632,15.355243075993684,0.1348334630590955,15.49007653905278,115.49007653905278
83.57380083134548,16.42619916865452,1.0709560926608361,17.497155261315356,117.49715526131536
82.85323735678176,17.14676264321824,0.7205634745637184,17.867326117781957,117.86732611778196
81.27661019875706,18.723389801242945,1.5766271580247064,20.30001695926765,120.30001695926765
81.91092245922368,18.089077540776316,-0.6343122604666291,17.454765280309687,117.45476528030969
81.65109672368492,18.348903276315085,0.25982573553876875,18.608729011853853,118.60872901185385
82.36929501577406,17.630704984225943,-0.7181982920891414,16.9125066921368,116.9125066921368
79.83894019715312,20.16105980284688,2.5303548186209355,22.691414621467814,122.69141462146781
79.7619855487471,20.238014451252894,0.07695464840601574,20.31496909965891,120.31496909965891
79.43224507523222,20.567754924767783,0.3297404735148888,20.897495398282672,120.89749539828267
77.90276035726971,22.097239642730287,1.5294847179625037,23.62672436069279,123.62672436069279
77.96313611184539,22.036863888154613,-0.06037575457567357,21.97648813357894,121.97648813357894
78.43275884117638,21.56724115882362,-0.46962272933099314,21.097618429492627,121.09761842949263
78.28772065525203,21.71227934474797,0.14503818592434925,21.85731753067232,121.85731753067232
78.55559503810758,21.444404961892417,-0.26787438285555254,21.176530579036864,121.17653057903686
77.88797641079157,22.112023589208434,0.667618627316017,22.77964221652445,122.77964221652445
79.13075389032113,20.86924610967887,-1.2427774795295647,19.626468630149304,119.6264686301493
77.66850250442174,22.33149749557826,1.4622513858993926,23.793748881477654,123.79374888147765
77.70555927330382,22.29444072669618,-0.037056768882081315,22.2573839578141,122.2573839578141
78.2980998123554,21.701900187644597,-0.5925405390515834,21.109359648593014,121.10935964859301
78.93733405910899,21.06266594089101,-0.6392342467535883,20.42343169413742,120.42343169413742
79.53512900357535,20.46487099642465,-0.597794944466358,19.867076051958293,119.86707605195829
80.02032072042023,19.97967927957977,-0.4851917168448807,19.49448756273489,119.49448756273489
79.74484326365325,20.25515673634675,0.27547745676697843,20.530634193113727,120.53063419311373
80.35047678121346,19.64952321878654,-0.6056335175602072,19.043889701226334,119.04388970122633
80.42362076247613,19.576379237523867,-0.07314398126267463,19.503235256261192,119.50323525626119
79.71098211268318,20.289017887316817,0.7126386497929502,21.001656537109767,121.00165653710977
79.41115314155665,20.588846858443347,0.29982897112653006,20.888675829569877,120.88867582956988
79.32222657815453,20.677773421845473,0.08892656340212568,20.766699985247598,120.7666999852476
78.21259756373153,21.787402436268465,1.1096290144229926,22.897031450691458,122.89703145069146
79.85123555528382,20.14876444471618,-1.6386379915522866,18.510126453163892,118.51012645316389
80.00073761449451,19.99926238550549,-0.1495020592106897,19.8497603262948,119.8497603262948
78.66471152130646,21.335288478693542,1.3360260931880532,22.671314571881595,122.6713145718816
76.73334989915452,23.26665010084548,1.9313616221519396,25.19801172299742,125.19801172299742
76.38285787651625,23.617142123483745,0.35049202263826373,23.96763414612201,123.96763414612201
76.31007737140398,23.689922628596022,0.07278050511227718,23.7627031337083,123.7627031337083
76.58804435935286,23.411955640647136,-0.2779669879488864,23.13398865269825,123.13398865269825
76.72865267320556,23.27134732679444,-0.14060831385269523,23.130739012941746,123.13073901294175
76.4968402016973,23.503159798302704,0.23181247150826323,23.734972269810967,123.73497226981097
76.0577835293222,23.942216470677806,0.43905667237510215,24.38127314305291,124.38127314305291
75.70472187132306,24.29527812867694,0.3530616579991346,24.648339786676075,124.64833978667608
76.64725053555092,23.352749464449076,-0.942528664227865,22.41022080022121,122.41022080022121
77.21235086502591,22.78764913497409,-0.565100329474987,22.222548805499102,122.2225488054991
78.15741106704156,21.842588932958435,-0.9450602020156538,20.89752873094278,120.89752873094278
77.64892853322331,22.351071466776688,0.5084825338182526,22.85955400059494,122.85955400059494
77.52109074466247,22.478909255337527,0.12783778856083927,22.606747043898366,122.60674704389837
77.35358187597863,22.646418124021366,0.1675088686838393,22.813926992705206,122.8139269927052
79.26414665504267,20.735853344957334,-1.9105647790640319,18.825288565893302,118.8252885658933
77.335750097275,22.664249902725004,1.9283965577676696,24.592646460492674,124.59264646049267
78.03892918924032,21.96107081075968,-0.7031790919653247,21.257891718794355,121.25789171879435
78.35976190325923,21.640238096740774,-0.32083271401890556,21.319405382721868,121.31940538272187
78.43638597184369,21.56361402815631,-0.07662406858446502,21.486989959571844,121.48698995957184
77.93166504605459,22.06833495394541,0.5047209257891012,22.57305587973451,122.57305587973451
77.87783282407695,22.122167175923053,0.05383222197764326,22.175999397900696,122.1759993979007
76.79631338044703,23.20368661955297,1.0815194436299151,24.285206063182883,124.28520606318288
78.09061613490363,21.909383865096373,-1.294302754456595,20.615081110639778,120.61508111063978
77.11663965366444,22.883360346335564,0.9739764812391911,23.857336827574755,123.85733682757476
76.54264529980163,23.457354700198366,0.5739943538628012,24.031349054061167,124.03134905406117
77.63662860299986,22.363371397000137,-1.093983303198229,21.269388093801908,121.26938809380191
77.23400871889086,22.765991281109137,0.40261988410900074,23.168611165218138,123.16861116521814
77.00035158940442,22.999648410595583,0.23365712948644557,23.23330554008203,123.23330554008203
76.45413267499202,23.545867325007976,0.5462189144123926,24.092086239420368,124.09208623942037
76.59322358972531,23.406776410274688,-0.13909091473328772,23.2676854955414,123.2676854955414
75.61145691531881,24.38854308468119,0.9817666744065008,25.37030975908769,125.37030975908769
76.0568956450596,23.943104354940402,-0.44543872974078624,23.497665625199616,123.49766562519962
76.64154469564437,23.35845530435563,-0.5846490505847726,22.773806253770857,122.77380625377086
76.07340873964365,23.926591260356346,0.5681359560007166,24.494727216357063,124.49472721635706
76.28807380693202,23.71192619306798,-0.2146650672883652,23.497261125779616,123.49726112577962
76.7889442869692,23.211055713030802,-0.5008704800371788,22.710185232993624,122.71018523299362
75.7380258192092,24.2619741807908,1.050918467759999,25.3128926485508,125.3128926485508
77.10486949260579,22.895130507394214,-1.3668436733965876,21.528286833997626,121.52828683399763
76.26007270137052,23.739927298629482,0.8447967912352681,24.58472408986475,124.58472408986475
76.53854845674125,23.461451543258747,-0.2784757553707351,23.18297578788801,123.18297578788801
75.34267145281743,24.657328547182573,1.195877003923826,25.8532055511064,125.8532055511064
74.34098887063787,25.659011129362128,1.001682582179555,26.660693711541683,126.66069371154168
75.05894492381135,24.941055076188647,-0.7179560531734808,24.223099023015166,124.22309902301517
73.755027768625,26.244972231375,1.3039171551863546,27.548889386561356,127.54888938656136
72.7203108354453,27.279689164554696,1.0347169331796948,28.31440609773439,128.31440609773438
71.45495721320198,28.54504278679802,1.2653536222433246,29.810396409041346,129.81039640904135
70.86927131382349,29.13072868617651,0.5856858993784897,29.716414585555,129.71641458555501
70.89434512367933,29.10565487632067,-0.025073809855840068,29.08058106646483,129.08058106646484
69.82200580553157,30.177994194468425,1.0723393181477547,31.25033351261618,131.25033351261618
70.18319643741336,29.816803562586642,-0.361190631881783,29.45561293070486,129.45561293070486
69.70862689777502,30.29137310222498,0.47456953963833826,30.76594264186332,130.76594264186332
70.76089858726863,29.239101412731372,-1.0522716894936082,28.186829723237764,128.18682972323776
70.35345635624053,29.646543643759472,0.4074422310280994,30.05398587478757,130.05398587478757
69.65012162799951,30.34987837200049,0.7033347282410176,31.053213100241507,131.05321310024152
69.74944730940443,30.25055269059557,-0.09932568140492037,30.15122700919065,130.15122700919065
69.9339113900113,30.066088609988697,-0.18446408060687247,29.881624529381824,129.88162452938184
68.92845257090237,31.071547429097635,1.005458819108938,32.07700624820657,132.07700624820657
69.07004300784584,30.92995699215416,-0.14159043694347417,30.788366555210686,130.7883665552107
68.22166257934693,31.778337420653074,0.8483804284989134,32.62671784915199,132.626717849152
69.7715352365732,30.2284647634268,-1.549872657226274,28.678592106200526,128.67859210620054
69.15620538996504,30.843794610034962,0.6153298466081623,31.459124456643124,131.4591244566431
69.84139077373865,30.158609226261348,-0.6851853837736144,29.473423842487733,129.47342384248773
71.08548367840612,28.91451632159388,-1.2440929046674682,27.67042341692641,127.67042341692641
71.28177210791013,28.71822789208987,-0.19628842950400838,28.521939462585863,128.52193946258586
70.87462125789568,29.125378742104317,0.40715085001444606,29.532529592118763,129.53252959211875
70.29822786379279,29.70177213620721,0.5763933941028938,30.278165530310105,130.2781655303101
70.37903676768704,29.62096323231296,-0.08080890389425122,29.54015432841871,129.5401543284187
68.29144362523971,31.708556374760292,2.087593142447332,33.796149517207624,133.79614951720762
68.09794979723172,31.90205020276828,0.19349382800798764,32.09554403077627,132.09554403077627
68.77881038826062,31.221189611739376,-0.6808605910289032,30.540329020710473,130.5403290207105
67.91375865432835,32.08624134567165,0.8650517339322761,32.95129307960393,132.95129307960394
67.39538309319487,32.604616906805134,0.5183755611334817,33.122992467938616,133.12299246793862
66.66273402466129,33.33726597533871,0.7326490685335756,34.069915043872285,134.0699150438723
66.49875012857282,33.50124987142718,0.16398389608846742,33.665233767515645,133.66523376751564
65.38631423283717,34.613685767162835,1.1124358957356577,35.72612166289849,135.7261216628985
66.44717730788338,33.55282269211662,-1.060863075046214,32.49195961707041,132.4919596170704
65.4621681086267,34.5378318913733,0.9850091992566803,35.52284109062998,135.52284109062998
66.36579328771516,33.634206712284836,-0.9036251790884648,32.73058153319637,132.73058153319636
65.74290186543182,34.25709813456818,0.6228914222833453,34.87998955685153,134.8799895568515
66.35053240600686,33.64946759399314,-0.6076305405750446,33.04183705341809,133.04183705341808
65.9276152596181,34.07238474038191,0.42291714638876954,34.495301886770676,134.49530188677068
64.55048077288527,35.449519227114735,1.3771344867328281,36.82665371384756,136.82665371384758
64.44056746345568,35.55943253654432,0.10991330942958655,35.66934584597391,135.6693458459739
63.93119361804366,36.06880638195634,0.5093738454120214,36.578180227368364,136.57818022736836
62.57454785557252,37.42545214442748,1.356645762471139,38.78209790689862,138.78209790689863
62.010708663287076,37.989291336712924,0.5638391922854424,38.553130528998366,138.55313052899837
63.00038495006213,36.99961504993787,-0.989676286775051,36.00993876316282,136.00993876316284
61.51743072380484,38.48256927619516,1.4829542262572843,39.96552350245244,139.96552350245244
61.24110091948053,38.75889908051947,0.27632980432431253,39.03522888484378,139.03522888484378
61.89572566607977,38.10427433392023,-0.6546247465992394,37.44964958732099,137.449649587321
63.78884766390415,36.21115233609585,-1.8931219978243803,34.31803033827147,134.31803033827146
63.95596592627078,36.04403407372922,-0.1671182623666283,35.87691581136259,135.8769158113626
64.2162627659348,35.7837372340652,-0.2602968396640222,35.52344039440118,135.52344039440118
64.05785620331409,35.94214379668591,0.15840656262071207,36.100550359306624,136.10055035930662
64.35664282725088,35.64335717274912,-0.2987866239367918,35.34457054881233,135.34457054881233
64.22214949466098,35.77785050533902,0.13449333258989782,35.912343837928915,135.91234383792892
64.12117440988739,35.87882559011261,0.1009750847735944,35.97980067488621,135.9798006748862
65.10105910164727,34.898940898352734,-0.979884691759878,33.919056206592856,133.91905620659287
65.6607589369236,34.3392410630764,-0.5596998352763336,33.77954122780007,133.77954122780005
66.4614891271166,33.53851087288341,-0.8007301901929935,32.73778068269041,132.7377806826904
67.2500963058885,32.749903694111495,-0.7886071787719118,31.961296515339583,131.9612965153396
67.17069088071597,32.829309119284034,0.07940542517253846,32.90871454445657,132.9087145444566
67.8378869206352,32.1621130793648,-0.6671960399192329,31.494917039445568,131.49491703944557
67.47919768051824,32.52080231948176,0.35868924011695924,32.87949155959872,132.8794915595987
66.9114562309787,33.0885437690213,0.5677414495395396,33.65628521856084,133.65628521856084
67.3504513387581,32.649548661241894,-0.4389951077794052,32.21055355346249,132.2105535534625
68.15977701376104,31.840222986238956,-0.8093256750029383,31.030897311236018,131.030897311236
69.1786551851919,30.8213448148081,-1.0188781714308561,29.802466643377244,129.80246664337724
68.51094789123987,31.489052108760134,0.6677072939520343,32.15675940271217,132.15675940271217
68.67209560697748,31.32790439302252,-0.16114771573761288,31.16675667728491,131.16675667728492
68.31438200510767,31.685617994892326,0.35771360186980417,32.04333159676213,132.04333159676213
68.38880166988702,31.611198330112984,-0.07441966477934159,31.536778665333642,131.53677866533366
68.48721292195259,31.51278707804741,-0.09841125206557422,31.414375825981836,131.41437582598184
68.59900283312878,31.40099716687122,-0.11178991117618864,31.289207255695032,131.28920725569503
68.12243413102489,31.87756586897511,0.47656870210389,32.354134571079,132.354134571079
68.2790405745679,31.7209594254321,-0.15660644354301212,31.564352981889087,131.5643529818891
67.2577052345418,32.7422947654582,1.0213353400260985,33.763630105484296,133.7636301054843
67.71459140465622,32.28540859534378,-0.4568861701144158,31.828522425229366,131.82852242522938
66.82417454359297,33.175825456407026,0.8904168610632439,34.06624231747027,134.06624231747026
65.42910827244309,34.57089172755691,1.3950662711498865,35.9659579987068,135.9659579987068
65.28698994433871,34.713010055661286,0.14211832810437386,34.85512838376566,134.85512838376565
65.55642985618574,34.443570143814256,-0.2694399118470301,34.174130231967226,134.17413023196724
65.16411181208187,34.83588818791813,0.39231804410387383,35.228206232022,135.228206232022
65.33373651522926,34.66626348477074,-0.16962470314739164,34.496638781623346,134.49663878162335
66.39792254780077,33.602077452199225,-1.064186032571513,32.53789141962771,132.53789141962773
66.43260715374217,33.56739284625783,-0.03468460594139344,33.53270824031644,133.53270824031642
66.45458584557355,33.54541415442645,-0.021978691831378683,33.523435462595074,133.52343546259507
67.39257791257775,32.60742208742225,-0.9379920670042026,31.669430020418048,131.66943002041805
66.21717017150576,33.78282982849424,1.175407741071993,34.958237569566236,134.95823756956622
65.89678440674834,34.10321559325166,0.3203857647574182,34.42360135800908,134.42360135800908
66.44981085690873,33.55018914309127,-0.5530264501603881,32.997162692930885,132.99716269293089
65.51374161779546,34.48625838220454,0.9360692391132659,35.422327621317805,135.4223276213178
65.61863600082958,34.38136399917042,-0.10489438303412157,34.276469616136296,134.2764696161363
65.64271731068345,34.35728268931655,-0.02408130985386947,34.33320137946268,134.33320137946268
65.63200675088828,34.36799324911172,0.010710559795171548,34.37870380890689,134.3787038089069
65.65811521773944,34.341884782260564,-0.026108466851155754,34.31577631540941,134.3157763154094
65.95948744461491,34.04051255538509,-0.30137222687547194,33.73914032850962,133.73914032850962
64.77040997824926,35.22959002175074,1.1890774663656458,36.418667488116384,136.4186674881164
63.837813676699895,36.162186323300105,0.932596301549367,37.09478262484947,137.09478262484947
63.26183231819707,36.73816768180293,0.5759813585028226,37.31414904030575,137.31414904030575
63.651912784278885,36.348087215721115,-0.39008046608181246,35.9580067496393,135.9580067496393
64.55066626552205,35.449333734477946,-0.898753481243169,34.55058025323478,134.55058025323478
64.12550004584308,35.87449995415692,0.42516621967897095,36.29966617383589,136.29966617383587
64.48027089620963,35.51972910379037,-0.354770850366549,35.16495825342382,135.16495825342383
65.0417517299002,34.9582482700998,-0.5614808336905668,34.396767436409235,134.39676743640922
65.1489792040249,34.8510207959751,-0.10722747412469857,34.743793321850404,134.7437933218504
64.96625763952716,35.03374236047284,0.18272156449774002,35.21646392497058,135.21646392497058
65.34946763473131,34.65053236526869,-0.38320999520415455,34.267322370064534,134.26732237006453
65.86313152886585,34.13686847113415,-0.5136638941345382,33.62320457699961,133.62320457699963
64.84430954339304,35.15569045660696,1.0188219854728118,36.174512442079774,136.1745124420798
65.07647706227925,34.92352293772075,-0.23216751888621445,34.69135541883453,134.69135541883452
65.93726686862335,34.062733131376646,-0.8607898063441013,33.201943325032545,133.20194332503254
65.71838895650089,34.28161104349911,0.21887791212246555,34.50048895562158,134.50048895562156
66.14344011555198,33.85655988444802,-0.4250511590510939,33.431508725396924,133.43150872539692
67.20035576119373,32.799644238806266,-1.0569156456417517,31.742728593164514,131.74272859316451
67.66652860108658,32.33347139891342,-0.46617283989284886,31.86729855902057,131.86729855902058
68.93621873866313,31.06378126133687,-1.2696901375765464,29.794091123760325,129.79409112376032
68.98232024715935,31.01767975284065,-0.0461015084962213,30.97157824434443,130.9715782443444
69.53368029977489,30.466319700225114,-0.5513600526155358,29.914959647609578,129.91495964760958
70.58084850423441,29.41915149576559,-1.047168204459524,28.371983291306066,128.37198329130607
70.31732373086855,29.68267626913145,0.2635247733658588,29.946201042497307,129.9462010424973
70.67070909571285,29.32929090428715,-0.35338536484429994,28.97590553944285,128.97590553944286
70.2288555773863,29.771144422613702,0.4418535183265533,30.212997940940255,130.21299794094026
70.44089929454206,29.559100705457936,-0.21204371715576542,29.34705698830217,129.34705698830217
70.12849630373604,29.871503696263957,0.31240299080602085,30.183906687069978,130.18390668706996
69.68177406157243,30.318225938427574,0.44672224216361656,30.76494818059119,130.7649481805912
70.6908424563601,29.3091575436399,-1.0090683947876755,28.300089148852223,128.30008914885224
71.22747884031703,28.772521159682967,-0.5366363839569317,28.235884775726035,128.23588477572605
71.38987002454625,28.610129975453745,-0.1623911842292216,28.447738791224523,128.44773879122454
72.43860141757403,27.561398582425966,-1.0487313930277793,26.512667189398186,126.51266718939819
72.43144994821412,27.568550051785877,0.007151469359911289,27.57570152114579,127.57570152114579
73.24428965195519,26.755710348044815,-0.8128397037410622,25.942870644303753,125.94287064430375
71.5522546698431,28.447745330156906,1.6920349821120908,30.139780312268996,130.139780312269
70.81709395469237,29.182906045307632,0.7351607151507267,29.91806676045836,129.91806676045837
72.20659320752779,27.79340679247221,-1.3894992528354209,26.40390753963679,126.40390753963679
72.51485126288732,27.48514873711268,-0.30825805535953066,27.17689068175315,127.17689068175315
73.54993983923886,26.45006016076114,-1.0350885763515407,25.4149715844096,125.4149715844096
73.08584278330935,26.914157216690654,0.4640970559295141,27.37825427262017,127.37825427262017
72.411459817876,27.588540182124007,0.6743829654333524,28.26292314755736,128.26292314755736
72.63491490942546,27.36508509057454,-0.22345509154946797,27.14162999902507,127.14162999902507
73.1715143813858,26.828485618614195,-0.5365994719603435,26.29188614665385,126.29188614665385
74.77689081764997,25.22310918235003,-1.6053764362641658,23.617732746085863,123.61773274608586
74.53222726369543,25.467772736304568,0.24466355395453832,25.712436290259106,125.7124362902591
74.27392483408374,25.726075165916257,0.2583024296116889,25.984377595527945,125.98437759552795
73.6853474470238,26.3146525529762,0.5885773870599422,26.90322994003614,126.90322994003614
72.26436773803488,27.735632261965122,1.4209797089889236,29.156611970954046,129.15661197095403
72.7679157758453,27.232084224154704,-0.5035480378104182,26.728536186344286,126.72853618634429
73.19617621971652,26.80382378028348,-0.4282604438712241,26.375563336412256,126.37556333641226
74.89876413255524,25.101235867444757,-1.7025879128387231,23.398647954606034,123.39864795460603
74.0037580504011,25.996241949598897,0.8950060821541399,26.891248031753037,126.89124803175304
75.00616954530138,24.993830454698625,-1.0024114949002723,23.991418959798352,123.99141895979835
74.65195086608892,25.348049133911076,0.3542186792124511,25.702267813123527,125.70226781312353
73.92640148798314,26.073598512016858,0.7255493781057822,26.79914789012264,126.79914789012264
75.68887965229452,24.311120347705483,-1.762478164311375,22.548642183394108,122.54864218339411
74.36084746780925,25.63915253219075,1.3280321844852665,26.967184716676016,126.96718471667602
77.06496211919716,22.935037880802838,-2.7041146513879113,20.230923229414927,120.23092322941493
76.66425416705961,23.33574583294039,0.4007079521375516,23.73645378507794,123.73645378507794
75.46246279740228,24.53753720259772,1.2017913696573288,25.739328572255047,125.73932857225505
74.45974774185459,25.540252258145415,1.0027150555476965,26.54296731369311,126.54296731369311
74.11353339222866,25.88646660777134,0.34621434962592446,26.232680957397264,126.23268095739726
74.09955935823407,25.900440641765925,0.013974033994585966,25.91441467576051,125.91441467576051
74.33865545023792,25.661344549762077,-0.23909609200384807,25.42224845775823,125.42224845775823
73.78726867925299,26.21273132074701,0.5513867709849336,26.764118091731945,126.76411809173194
74.35480698909248,25.64519301090752,-0.5675383098394917,25.077654701068028,125.07765470106803
74.25385431050017,25.746145689499826,0.10095267859230717,25.847098368092134,125.84709836809213
76.55616252979287,23.44383747020713,-2.302308219292698,21.14152925091443,121.14152925091443
77.17905786700129,22.82094213299871,-0.6228953372084192,22.19804679579029,122.19804679579029
78.19716948765523,21.80283051234477,-1.01811162065394,20.78471889169083,120.78471889169083
78.2433460215347,21.756653978465295,-0.046176533879474846,21.71047744458582,121.71047744458582
78.75511463525655,21.244885364743453,-0.5117686137218413,20.733116751021612,120.73311675102161
80.30948581522873,19.690514184771274,-1.554371179972179,18.136143004799095,118.1361430047991
80.39999694033921,19.600003059660793,-0.09051112511048132,19.50949193455031,119.50949193455031
81.9118586836361,18.088141316363902,-1.5118617432968904,16.576279573067012,116.57627957306701
83.46838846346182,16.53161153653818,-1.5565297798257234,14.975081756712456,114.97508175671246
84.59847739515114,15.401522604848864,-1.1300889316893148,14.27143367315955,114.27143367315955
85.84269407586105,14.157305924138953,-1.2442166807099113,12.913089243429042,112.91308924342904
86.6471610155076,13.352838984492394,-0.8044669396465594,12.548372044845834,112.54837204484583
86.84176539420928,13.158234605790724,-0.19460437870166913,12.963630227089055,112.96363022708906
85.96892834230646,14.031071657693545,0.8728370519028203,14.903908709596365,114.90390870959637
86.4733126592509,13.526687340749106,-0.5043843169444386,13.022303023804668,113.02230302380467
87.29957018860436,12.700429811395637,-0.8262575293534695,11.874172282042167,111.87417228204217
87.13247852404687,12.867521475953126,0.16709166455748914,13.034613140510615,113.03461314051061
87.53759616410534,12.462403835894662,-0.40511764005846373,12.057286195836198,112.0572861958362
88.56230840190756,11.437691598092442,-1.0247122378022198,10.412979360290223,110.41297936029022
88.90307582047043,11.096924179529566,-0.3407674185628764,10.75615676096669,110.75615676096669
88.78039633533155,11.219603664668455,0.12267948513888882,11.342283149807344,111.34228314980734
87.82242724931334,12.177572750686664,0.9579690860182097,13.135541836704874,113.13554183670487
86.63627676641468,13.363723233585318,1.186150482898654,14.549873716483972,114.54987371648397
87.66393904779922,12.336060952200782,-1.0276622813845364,11.308398670816246,111.30839867081625
89.26377946958397,10.736220530416034,-1.599840421784748,9.136380108631286,109.13638010863129
90.93762306262096,9.062376937379042,-1.6738435930369917,7.388533344342051,107.38853334434205
91.68884328068772,8.31115671931228,-0.7512202180667629,7.559936501245517,107.55993650124552
93.83989182306198,6.160108176938024,-2.151048542374255,4.009059634563769,104.00905963456377
94.5264004089426,5.473599591057393,-0.686508585880631,4.787091005176762,104.78709100517676
93.87392887521108,6.126071124788922,0.6524715337315286,6.7785426585204505,106.77854265852045
93.8704253902187,6.129574609781301,0.003503484992378958,6.13307809477368,106.13307809477368
93.55123405881346,6.448765941186537,0.3191913314052357,6.767957272591772,106.76795727259177
94.03983806252575,5.960161937474254,-0.4886040037122825,5.4715579337619715,105.47155793376197
92.61960790135873,7.380392098641266,1.4202301611670123,8.800622259808279,108.80062225980828
93.76425036936229,6.235749630637713,-1.1446424680035534,5.0911071626341595,105.09110716263416
93.57226566032107,6.427734339678935,0.1919847090412219,6.619719048720157,106.61971904872016
92.84422045567834,7.1557795443216605,0.7280452046427257,7.883824748964386,107.88382474896439
93.04020694819066,6.959793051809342,-0.19598649251231848,6.763806559297024,106.76380655929702
91.83076439129735,8.16923560870265,1.2094425568933076,9.378678165595957,109.37867816559596
91.95515503588535,8.044844964114645,-0.1243906445880043,7.920454319526641,107.92045431952664
92.42121722627287,7.578782773727127,-0.46606219038751817,7.112720583339609,107.11272058333961
94.94666142293272,5.053338577067279,-2.5254441966598478,2.5278943804074316,102.52789438040743
96.94802453038987,3.0519754696101273,-2.001363107457152,1.0506123621529753,101.05061236215298
98.42333874735473,1.5766612526452661,-1.4753142169648612,0.10134703568040493,100.1013470356804
98.72646361203759,1.2735363879624089,-0.30312486468285726,0.9704115232795516,100.97041152327955
98.26368818647114,1.7363118135288573,0.46277542556644846,2.199087239095306,102.1990872390953
96.23604784657222,3.7639521534277804,2.027640339898923,5.791592493326704,105.7915924933267
98.90594783174456,1.0940521682554447,-2.6698999851723357,-1.575847816916891,98.42415218308311
98.2138441424207,1.7861558575793026,0.6921036893238579,2.4782595469031605,102.47825954690316
98.81156340520117,1.18843659479883,-0.5977192627804726,0.5907173320183574,100.59071733201836
97.49511767845962,2.5048823215403786,1.3164457267415486,3.821328048281927,103.82132804828193
98.34778548119856,1.6522145188014434,-0.8526678027389352,0.7995467160625083,100.79954671606251
96.54615589350772,3.4538441064922836,1.8016295876908401,5.255473694183124,105.25547369418312
98.39185654161528,1.608143458384717,-1.8457006481075666,-0.23755718972284967,99.76244281027715
99.09642307662142,0.90357692337858,-0.704566535006137,0.199010388372443,100.19901038837244
97.96250237978754,2.037497620212463,1.1339206968338829,3.1714183170463457,103.17141831704635
96.32411917652797,3.6758808234720277,1.6383832032595649,5.314264026731593,105.31426402673159
95.43431126684648,4.565688733153522,0.8898079096814939,5.455496642835016,105.45549664283502
94.54348846107699,5.45651153892301,0.8908228057694885,6.347334344692499,106.3473343446925
95.53724961910095,4.4627503808990525,-0.9937611580239576,3.468989222875095,103.4689892228751
93.70250720962423,6.29749279037577,1.8347424094767177,8.132235199852488,108.13223519985249
93.76267428793874,6.2373257120612635,-0.06016707831450674,6.177158633746757,106.17715863374676
91.1574829966131,8.842517003386902,2.6051912913256388,11.447708294712541,111.44770829471254
91.85567887819455,8.144321121805447,-0.6981958815814551,7.446125240223992,107.44612524022399
92.37361959588118,7.6263804041188195,-0.5179407176866277,7.108439686432192,107.10843968643219
92.07270026428847,7.927299735711529,0.3009193315927092,8.228219067304238,108.22821906730424
93.93036953055753,6.0696304694424725,-1.8576692662690562,4.211961203173416,104.21196120317342
92.62030603769841,7.379693962301587,1.3100634928591148,8.689757455160702,108.6897574551607
92.5029050378657,7.497094962134298,0.1174009998327108,7.614495961967009,107.61449596196701
91.56269191396174,8.437308086038257,0.9402131239039591,9.377521209942216,109.37752120994222
91.79035417043005,8.20964582956995,-0.22766225646830662,7.981983573101644,107.98198357310164
91.33774390382389,8.662256096176108,0.45261026660615755,9.114866362782266,109.11486636278227
90.22000794046188,9.779992059538117,1.1177359633620085,10.897728022900125,110.89772802290013
90.57928710588787,9.420712894112128,-0.35927916542598837,9.06143372868614,109.06143372868614
89.15322517773433,10.846774822265672,1.426061928153544,12.272836750419216,112.27283675041922
89.31194375122551,10.688056248774487,-0.15871857349118557,10.529337675283301,110.5293376752833
89.6818321756122,10.3181678243878,-0.3698884243866871,9.948279400001113,109.94827940000111
91.23246473759237,8.767535262407634,-1.5506325619801657,7.216902700427468,107.21690270042747
90.8752520464729,9.124747953527105,0.3572126911194715,9.481960644646577,109.48196064464658
90.34050890510714,9.659491094892857,0.5347431413657517,10.194234236258609,110.19423423625861
89.2623926734207,10.737607326579294,1.0781162316864368,11.81572355826573,111.81572355826573
87.93173115475628,12.068268845243722,1.330661518664428,13.39893036390815,113.39893036390815
86.88999506102118,13.110004938978818,1.0417360937350963,14.151741032713915,114.15174103271391
85.1270755293023,14.872924470697697,1.7629195317188788,16.635844002416576,116.63584400241658
85.98282650428956,14.017173495710438,-0.8557509749872594,13.161422520723178,113.16142252072318
87.93059367842979,12.069406321570213,-1.9477671741402247,10.121639147429988,110.12163914742999
87.66204464101546,12.337955358984544,0.26854903741433134,12.606504396398876,112.60650439639888
86.49787661417278,13.502123385827218,1.164168026842674,14.666291412669892,114.66629141266989
86.61218142986148,13.38781857013852,-0.11430481568869766,13.273513754449823,113.27351375444982
86.88743761288616,13.11256238711384,-0.27525618302468047,12.83730620408916,112.83730620408916
85.90800227768625,14.09199772231375,0.9794353351999092,15.071433057513659,115.07143305751366
87.45838111241491,12.541618887585088,-1.5503788347286616,10.991240052856426,110.99124005285643
89.24884275769206,10.75115724230794,-1.7904616452771478,8.960695597030792,108.96069559703079
87.15559532956513,12.84440467043487,2.0932474281269293,14.937652098561799,114.9376520985618
88.45784902185406,11.54215097814594,-1.3022536922889287,10.239897285857012,110.23989728585701
88.23238673010859,11.767613269891413,0.2254622917454725,11.993075561636886,111.99307556163689
86.58626629536221,13.413733704637792,1.6461204347463791,15.059854139384171,115.05985413938417
86.54795200124073,13.45204799875927,0.03831429412147713,13.490362292880747,113.49036229288075
86.04637018898377,13.953629811016228,0.5015818122569584,14.455211623273186,114.45521162327319
85.51423223557579,14.48576776442421,0.5321379534079824,15.017905717832193,115.01790571783219
84.41569203476367,15.584307965236334,1.0985402008121241,16.68284816604846,116.68284816604846
86.28606228719927,13.713937712800728,-1.870370252435606,11.843567460365122,111.84356746036512
86.08627451204049,13.91372548795951,0.1997877751587822,14.113513263118293,114.11351326311829
86.22277491546852,13.77722508453148,-0.13650040342803038,13.64072468110345,113.64072468110345
85.55754787448316,14.442452125516837,0.6652270409853571,15.107679166502194,115.1076791665022
86.09968425476248,13.90031574523752,-0.5421363802793167,13.358179364958204,113.3581793649582
87.2065986173292,12.793401382670794,-1.1069143625667266,11.686487020104067,111.68648702010407
86.32375475573927,13.676245244260727,0.882843861589933,14.55908910585066,114.55908910585066
86.34449791213883,13.655502087861166,-0.020743156399561258,13.634758931461604,113.6347589314616
85.19756926872151,14.802430731278491,1.1469286434173256,15.949359374695817,115.94935937469582
84.59433395843888,15.405666041561119,0.6032353102826278,16.008901351843747,116.00890135184375
86.03766456757778,13.962335432422222,-1.443330609138897,12.519004823283325,112.51900482328332
87.59592756137707,12.404072438622933,-1.5582629937992891,10.845809444823644,110.84580944482364
86.92605255775688,13.073947442243124,0.6698750036201915,13.743822445863316,113.74382244586332
88.47320038997051,11.526799610029485,-1.5471478322136392,9.979651777815846,109.97965177781585
89.05720836861873,10.942791631381269,-0.5840079786482164,10.358783652733052,110.35878365273305
86.92303306537313,13.076966934626867,2.1341753032455983,15.211142237872465,115.21114223787247
87.04615549532464,12.95384450467536,-0.12312242995150768,12.830722074723852,112.83072207472385
87.26626282610076,12.733737173899243,-0.22010733077611633,12.513629843123127,112.51362984312313
86.0536959229335,13.9463040770665,1.2125669031672572,15.158870980233758,115.15887098023376
85.97833645691449,14.02166354308551,0.07535946601900889,14.097023009104518,114.09702300910452
85.75956670283237,14.240433297167627,0.21876975408211763,14.459203051249744,114.45920305124974
86.41221488699561,13.587785113004387,-0.6526481841632403,12.935136928841146,112.93513692884115
87.75637425573665,12.243625744263355,-1.3441593687410318,10.899466375522323,110.89946637552232
87.66225182317432,12.337748176825684,0.09412243256232955,12.431870609388014,112.43187060938801
87.35421005659771,12.645789943402292,0.30804176657660776,12.9538317099789,112.9538317099789
88.73053120995354,11.26946879004646,-1.376321153355832,9.893147636690628,109.89314763669063
85.90839633113346,14.09160366886654,2.82213487882008,16.91373854768662,116.91373854768662
84.335624334863,15.664375665137001,1.5727719962704612,17.237147661407462,117.23714766140746
83.14677282419325,16.85322717580675,1.1888515106697497,18.0420786864765,118.0420786864765
82.80448565813703,17.195514341862975,0.34228716605622367,17.5378015079192,117.5378015079192
83.3059924829439,16.694007517056093,-0.5015068248068815,16.19250069224921,116.19250069224921
81.98479691427853,18.015203085721467,1.3211955686653738,19.33639865438684,119.33639865438684
82.28341051544199,17.716589484558014,-0.2986136011634528,17.41797588339456,117.41797588339456
81.52372795151534,18.47627204848466,0.7596825639266456,19.235954612411305,119.2359546124113
81.37782328123632,18.622176718763683,0.1459046702790232,18.768081389042706,118.7680813890427
81.53147175473678,18.468528245263215,-0.15364847350046773,18.314879771762747,118.31487977176275
83.64631277630998,16.353687223690017,-2.1148410215731985,14.238846202116818,114.23884620211682
83.47960448521846,16.52039551478154,0.16670829109152407,16.687103805873065,116.68710380587306
83.8421359121665,16.157864087833502,-0.3625314269480384,15.795332660885464,115.79533266088546
82.9031024411139,17.0968975588861,0.9390334710525963,18.035931029938695,118.0359310299387
81.74466310043945,18.255336899560547,1.1584393406744482,19.413776240234995,119.413776240235
81.83899149831943,18.16100850168057,-0.09432839787997693,18.066680103800593,118.06668010380059
81.85914746805388,18.140852531946123,-0.020155969734446444,18.120696562211677,118.12069656221168
80.76655116480183,19.233448835198175,1.0925963032520514,20.326045138450226,120.32604513845023
78.88949758251356,21.110502417486444,1.8770535822882692,22.987555999774713,122.98755599977471
78.28485120892496,21.715148791075038,0.6046463735885936,22.31979516466363,122.31979516466363
79.76352533094656,20.236474669053436,-1.4786741220216015,18.757800547031835,118.75780054703183
79.01324938751014,20.986750612489857,0.7502759434364208,21.737026555926278,121.73702655592628
79.89102950255177,20.108970497448226,-0.8777801150416309,19.231190382406595,119.2311903824066
80.85004314264322,19.149956857356784,-0.9590136400914417,18.190943217265342,118.19094321726534
80.90922278066277,19.090777219337227,-0.0591796380195575,19.03159758131767,119.03159758131767
80.52169551041352,19.478304489586478,0.38752727024925093,19.86583175983573,119.86583175983573
81.90883821612076,18.091161783879244,-1.3871427057072339,16.70401907817201,116.70401907817201
81.2214992419217,18.778500758078295,0.6873389741990508,19.465839732277345,119.46583973227735
79.93631630804204,20.063683691957962,1.2851829338796676,21.34886662583763,121.34886662583763
78.76558361201593,21.23441638798407,1.170732696026107,22.405149084010176,122.40514908401018
76.41478186407757,23.58521813592243,2.3508017479383625,25.936019883860794,125.9360198838608
76.33869564384212,23.661304356157885,0.07608622023545308,23.737390576393338,123.73739057639334
77.03024686714896,22.96975313285104,-0.6915512233068455,22.278201909544194,122.2782019095442
75.78390573511975,24.216094264880255,1.2463411320292153,25.46243539690947,125.46243539690947
74.23919236807943,25.76080763192057,1.5447133670403161,27.305520998960887,127.30552099896089
74.14113613725061,25.858863862749388,0.09805623082881709,25.956920093578205,125.9569200935782
72.84449306209513,27.155506937904875,1.2966430751554867,28.45215001306036,128.45215001306036
72.55764325514772,27.442356744852276,0.2868498069474015,27.729206551799678,127.72920655179968
73.4123460064793,26.587653993520703,-0.8547027513315726,25.73295124218913,125.73295124218913
72.45407004746617,27.545929952533825,0.9582759590131218,28.504205911546947,128.50420591154693
74.57720936529523,25.422790634704768,-2.1231393178290574,23.29965131687571,123.29965131687571
74.85391812748553,25.146081872514472,-0.27670876219029594,24.869373110324176,124.86937311032418
74.57354031943058,25.426459680569423,0.2803778080549506,25.706837488624373,125.70683748862437
76.43402431170989,23.56597568829011,-1.8604839922793133,21.705491696010796,121.7054916960108
74.21596460822461,25.78403539177539,2.218059703485281,28.00209509526067,128.00209509526067
74.34531190918823,25.654688090811774,-0.1293473009636159,25.52534078984816,125.52534078984816
74.04239974609207,25.957600253907927,0.30291216309615265,26.26051241700408,126.26051241700408
73.29020646212298,26.70979353787702,0.7521932839690919,27.46198682184611,127.46198682184611
72.59169200761313,27.408307992386867,0.6985144545098478,28.106822446896714,128.10682244689673
74.35565446576075,25.64434553423925,-1.763962458147617,23.880383076091633,123.88038307609163
74.75650426068057,25.243495739319428,-0.40084979491982153,24.842645944399607,124.8426459443996
74.80511952370932,25.194880476290678,-0.04861526302875063,25.146265213261927,125.14626521326193
75.17379276826269,24.826207231737314,-0.3686732445533636,24.45753398718395,124.45753398718395
74.5023370544985,25.497662945501503,0.671455713764189,26.169118659265692,126.16911865926569
74.89635829972467,25.103641700275332,-0.39402124522617044,24.709620455049162,124.70962045504916
74.10044536414588,25.899554635854116,0.7959129355787837,26.6954675714329,126.6954675714329
75.9163824157287,24.083617584271295,-1.8159370515828215,22.267680532688473,122.26768053268847
75.87425943919544,24.12574056080456,0.04212297653326402,24.167863537337823,124.16786353733782
75.60399615358084,24.396003846419163,0.2702632856146039,24.666267132033767,124.66626713203377
76.18093511835559,23.819064881644408,-0.5769389647747545,23.242125916869654,123.24212591686965
75.30331937696482,24.696680623035178,0.8776157413907697,25.574296364425948,125.57429636442595
75.0160535875535,24.9839464124465,0.28726578941132175,25.27121220185782,125.27121220185782
74.03596187336903,25.964038126630967,0.9800917141844678,26.944129840815435,126.94412984081544
73.84154729714486,26.158452702855143,0.19441457622417602,26.35286727907932,126.35286727907932
72.07950251623015,27.92049748376985,1.7620447809147066,29.682542264684557,129.68254226468457
72.93111944521631,27.06888055478369,-0.8516169289861608,26.21726362579753,126.21726362579753
72.3462947687088,27.653705231291198,0.5848246765075089,28.238529907798707,128.2385299077987
71.48574018924754,28.514259810752463,0.8605545794612652,29.37481439021373,129.37481439021371
70.95801966703516,29.04198033296484,0.5277205222123769,29.569700855177217,129.56970085517722
71.34989168195318,28.65010831804682,-0.3918720149180217,28.258236303128797,128.2582363031288
70.98065483074814,29.019345169251864,0.369236851205045,29.38858202045691,129.3885820204569
69.85078976677472,30.149210233225276,1.129865063973412,31.279075297198688,131.2790752971987
69.66104436275472,30.338955637245277,0.18974540402000173,30.52870104126528,130.52870104126526
70.06600569467933,29.933994305320667,-0.4049613319246106,29.529032973396056,129.52903297339606
71.22344946365955,28.77655053634045,-1.1574437689802153,27.619106767360236,127.61910676736024
71.32480999877792,28.675190001222077,-0.10136053511837417,28.573829466103703,128.5738294661037
71.7151228199962,28.284877180003804,-0.3903128212182736,27.89456435878553,127.89456435878553
71.39694976833536,28.60305023166464,0.3181730516608354,28.921223283325475,128.92122328332547
70.92432999633641,29.07567000366359,0.47261977199895,29.54828977566254,129.54828977566254
71.02352768263397,28.97647231736603,-0.09919768629755765,28.877274631068474,128.87727463106847
72.07840815535292,27.921591844647082,-1.0548804727189491,26.866711371928133,126.86671137192813
73.2244913804589,26.7755086195411,-1.1460832251059827,25.629425394435117,125.62942539443512
73.18475962596682,26.81524037403318,0.039731754492080995,26.85497212852526,126.85497212852526
72.01708322298155,27.982916777018445,1.1676764029852649,29.15059318000371,129.1505931800037
71.83904450798518,28.16095549201482,0.1780387149963758,28.338994207011197,128.33899420701118
72.36567346943869,27.63432653056131,-0.5266289614535111,27.1076975691078,127.1076975691078
71.7793539604106,28.220646039589397,0.5863195090280868,28.806965548617484,128.80696554861748
70.42175143473266,29.578248565267344,1.3576025256779474,30.93585109094529,130.93585109094528
69.03120072377759,30.968799276222413,1.3905507109550683,32.35934998717748,132.3593499871775
70.68768924307577,29.312310756924234,-1.656488519298179,27.655822237626055,127.65582223762605
69.33217128181302,30.667828718186982,1.3555179612627484,32.02334667944973,132.02334667944973
68.28470840415105,31.715291595848953,1.047462877661971,32.762754473510924,132.76275447351094
67.54219257706427,32.45780742293573,0.7425158270867769,33.20032325002251,133.2003232500225
68.23005166862829,31.769948331371708,-0.6878590915640217,31.082089239807686,131.0820892398077
69.69306750912163,30.306932490878367,-1.463015840493341,28.843916650385026,128.84391665038504
70.37520831921802,29.624791680781982,-0.682140810096385,28.942650870685597,128.9426508706856
71.0281866688304,28.9718133311696,-0.6529783496123827,28.318834981557217,128.31883498155722
71.98219945320278,28.01780054679722,-0.9540127843723809,27.063787762424838,127.06378776242484
70.90003376242204,29.09996623757796,1.0821656907807409,30.1821319283587,130.1821319283587
70.87338980472701,29.12661019527299,0.02664395769502903,29.153254152968017,129.15325415296803
71.10038326695097,28.89961673304903,-0.2269934622239589,28.67262327082507,128.67262327082506
70.54038090255223,29.45961909744777,0.5600023643987413,30.019621461846512,130.0196214618465
69.95630351094206,30.043696489057936,0.5840773916101654,30.6277738806681,130.6277738806681
70.4822583967656,29.5177416032344,-0.5259548858235377,28.99178671741086,128.99178671741086
69.68166976421152,30.31833023578848,0.8005886325540814,31.11891886834256,131.11891886834258
70.78835123405499,29.211648765945014,-1.1066814698434655,28.10496729610155,128.10496729610156
71.52474361175332,28.475256388246677,-0.736392377698337,27.73886401054834,127.73886401054834
70.94614466725093,29.053855332749066,0.5785989445023887,29.632454277251455,129.63245427725144
71.9382752211952,28.061724778804802,-0.9921305539442642,27.069594224860538,127.06959422486054
72.22513677064097,27.774863229359028,-0.28686154944577424,27.488001679913253,127.48800167991325
73.14949135590754,26.850508644092457,-0.9243545852665704,25.926154058825887,125.92615405882589
73.20834532255832,26.791654677441684,-0.058853966650772804,26.73280071079091,126.73280071079091
73.22396772145804,26.77603227854196,-0.015622398899722612,26.76040987964224,126.76040987964224
73.13040353750901,26.86959646249099,0.09356418394902732,26.963160646440016,126.96316064644002
72.202519485521,27.797480514479005,0.9278840519880163,28.72536456646702,128.72536456646702
71.24650300574895,28.75349699425105,0.9560164797720461,29.709513474023098,129.70951347402308
71.19053292255268,28.809467077447323,0.0559700831962715,28.865437160643594,128.86543716064358
72.75118102883476,27.248818971165235,-1.5606481062820876,25.688170864883148,125.68817086488315
74.07572207498853,25.924277925011467,-1.3245410461537688,24.599736878857698,124.5997368788577
75.09863609225893,24.90136390774107,-1.022914017270395,23.878449890470677,123.87844989047068
74.4837366640939,25.516263335906103,0.6148994281650317,26.131162764071135,126.13116276407114
73.88335457000767,26.11664542999233,0.6003820940862283,26.71702752407856,126.71702752407856
74.88266356267721,25.11733643732279,-0.9993089926695404,24.11802744465325,124.11802744465325
74.27146529069051,25.728534709309486,0.6111982719866944,26.33973298129618,126.33973298129618
74.06105856937414,25.93894143062586,0.2104067213163745,26.149348151942235,126.14934815194223
74.76906070293644,25.230939297063557,-0.708002133562303,24.522937163501254,124.52293716350125
74.91876813548241,25.08123186451759,-0.1497074325459664,24.931524431971624,124.93152443197162
74.51319756436082,25.486802435639177,0.40557057112158645,25.892373006760764,125.89237300676076
75.13194071909017,24.868059280909833,-0.6187431547293443,24.24931612618049,124.24931612618049
76.13012142419794,23.869878575802062,-0.9981807051077709,22.87169787069429,122.87169787069429
75.63563327948795,24.364366720512052,0.49448814470999025,24.858854865222042,124.85885486522204
75.84110577483995,24.158894225160054,-0.20547249535199796,23.953421729808056,123.95342172980806
76.05754510398873,23.94245489601127,-0.21643932914878405,23.726015566862486,123.72601556686249
75.47167503707131,24.528324962928693,0.5858700669174226,25.114195029846115,125.11419502984612
74.50962365226276,25.49037634773724,0.9620513848085466,26.452427732545786,126.45242773254579
73.74963261940486,26.250367380595137,0.7599910328578972,27.010358413453034,127.01035841345303
73.11576446320655,26.884235536793454,0.6338681561983179,27.518103692991772,127.51810369299177
74.5502842574937,25.4497157425063,-1.434519794287155,24.015195948219144,124.01519594821914
74.36564039487013,25.634359605129873,0.1846438626235738,25.819003467753447,125.81900346775345
74.34646271093393,25.653537289066065,0.019177683936192125,25.672714973002257,125.67271497300226
74.71037181216188,25.28962818783812,-0.3639091012279465,24.925719086610172,124.92571908661017
74.41775791002168,25.582242089978322,0.29261390214020366,25.874855992118526,125.87485599211853
75.99499182258465,24.00500817741535,-1.5772339125629742,22.427774264852374,122.42777426485237
76.14619725187592,23.85380274812408,-0.15120542929126657,23.702597318832815,123.70259731883282
76.54460338292938,23.45539661707062,-0.3984061310534628,23.056990486017156,123.05699048601716
77.86463785334344,22.13536214665656,-1.3200344704140576,20.815327676242504,120.8153276762425
78.86281953731705,21.13718046268295,-0.9981816839736126,20.138998778709336,120.13899877870934
78.94040246079501,21.059597539204987,-0.07758292347796214,20.982014615727024,120.98201461572702
79.65892825406726,20.341071745932737,-0.7185257932722493,19.622545952660488,119.62254595266049
81.36458840679936,18.635411593200644,-1.7056601527320936,16.92975144046855,116.92975144046855
82.35480281966699,17.645197180333014,-0.9902144128676298,16.654982767465384,116.65498276746538
83.29809411080082,16.701905889199182,-0.943291291133832,15.75861459806535,115.75861459806535
82.55494333756138,17.445056662438617,0.7431507732394351,18.188207435678052,118.18820743567805
80.91632403136772,19.083675968632278,1.638619306193661,20.72229527482594,120.72229527482594
80.43889198475695,19.56110801524305,0.47743204661077243,20.038540061853823,120.03854006185382
80.97457394880574,19.02542605119426,-0.5356819640487913,18.489744087145468,118.48974408714547
81.29870936893806,18.701290631061937,-0.3241354201323219,18.377155210929615,118.37715521092962
81.26682304579408,18.733176954205916,0.03188632314397921,18.765063277349896,118.7650632773499
81.86953787000871,18.130462129991287,-0.6027148242146296,17.527747305776657,117.52774730577666
81.40544660166526,18.59455339833474,0.46409126834345216,19.05864466667819,119.05864466667819
82.64170650574083,17.358293494259172,-1.2362599040755669,16.122033590183605,116.1220335901836
80.35997656047218,19.640023439527823,2.2817299452686512,21.921753384796475,121.92175338479647
78.42010332034289,21.57989667965711,1.9398732401292875,23.5197699197864,123.5197699197864
79.02829394496193,20.97170605503807,-0.6081906246190414,20.363515430419028,120.36351543041903
78.48285603187293,21.517143968127073,0.5454379130890032,22.062581881216076,122.06258188121608
78.40040295886506,21.599597041134942,0.0824530730078692,21.68205011414281,121.68205011414281
78.12912713095693,21.87087286904307,0.2712758279081271,22.142148696951196,122.1421486969512
77.51590487974843,22.484095120251567,0.6132222512084979,23.097317371460065,123.09731737146006
77.443848415903,22.556151584096995,0.07205646384542774,22.628208047942422,122.62820804794242
79.51716124254634,20.482838757453663,-2.073312826643331,18.409525930810332,118.40952593081033
79.26681479682178,20.733185203178223,0.2503464457245599,20.983531648902783,120.98353164890278
78.59643881668596,21.40356118331404,0.670375980135816,22.073937163449855,122.07393716344986
78.94655649735245,21.053443502647553,-0.35011768066648585,20.703325821981068,120.70332582198107
79.27028201195033,20.72971798804967,-0.3237255145978821,20.40599247345179,120.40599247345179
80.91425121387222,19.08574878612778,-1.643969201921891,17.44177958420589,117.44177958420589
79.41791785097115,20.58208214902885,1.496333362901069,22.07841551192992,122.07841551192992
77.72431162057471,22.27568837942529,1.6936062303964405,23.96929460982173,123.96929460982173
77.4364396528085,22.563560347191498,0.2878719677662076,22.851432314957705,122.8514323149577
76.51215770824021,23.48784229175979,0.9242819445682926,24.412124236328083,124.41212423632808
76.55997042280077,23.440029577199226,-0.04781271456056402,23.392216862638662,123.39221686263866
73.45353172391158,26.54646827608842,3.1064386988891926,29.65290697497761,129.6529069749776
74.95252484783178,25.047475152168218,-1.4989931239202008,23.548482028248017,123.54848202824802
74.54731780539335,25.452682194606652,0.405207042438434,25.857889237045086,125.85788923704509
74.02830928079722,25.971690719202783,0.5190085245961313,26.490699243798915,126.49069924379891
72.8998666168829,27.100133383117097,1.1284426639143135,28.22857604703141,128.22857604703142
72.42426206980512,27.575737930194876,0.4756045470777792,28.051342477272655,128.05134247727267
72.98483525757578,27.01516474242422,-0.5605731877706575,26.45459155465356,126.45459155465356
72.33074320364132,27.66925679635868,0.6540920539344626,28.323348850293144,128.32334885029314
73.26860508669706,26.731394913302935,-0.9378618830557457,25.79353303024719,125.79353303024719
74.28311579645538,25.716884203544623,-1.0145107097583121,24.70237349378631,124.70237349378631
73.96797469842971,26.032025301570286,0.3151410980256628,26.34716639959595,126.34716639959595
73.7233452953467,26.276654704653296,0.2446294030830103,26.521284107736307,126.5212841077363
73.17628440744261,26.82371559255739,0.5470608879040952,27.370776480461487,127.37077648046149
72.70777425222147,27.29222574777853,0.46851015522113926,27.76073590299967,127.76073590299967
72.85311933647563,27.14688066352437,-0.14534508425415993,27.00153557927021,127.00153557927021
74.5109927388097,25.489007261190295,-1.6578734023340758,23.83113385885622,123.83113385885622
74.16150101803723,25.838498981962772,0.3494917207724768,26.18799070273525,126.18799070273525
73.27183726775921,26.72816273224079,0.889663750278018,27.617826482518808,127.61782648251881
72.97417051204576,27.02582948795424,0.29766675571345047,27.32349624366769,127.32349624366769
73.36955279138148,26.63044720861852,-0.39538227933572045,26.2350649292828,126.2350649292828
73.75478563023643,26.245214369763573,-0.38523283885494664,25.859981530908627,125.85998153090863
74.7154448866132,25.2845551133868,-0.960659256376772,24.32389585701003,124.32389585701003
76.15400751344272,23.84599248655728,-1.4385626268295226,22.407429859727756,122.40742985972776
76.64958029428558,23.350419705714415,-0.4955727808428634,22.854846924871552,122.85484692487155
76.91386221035657,23.08613778964343,-0.26428191607098483,22.821855873572446,122.82185587357245
75.59780223870258,24.402197761297415,1.316059971653985,25.7182577329514,125.7182577329514
75.74814230834163,24.251857691658373,-0.1503400696390429,24.10151762201933,124.10151762201933
74.8783904354952,25.121609564504794,0.8697518728464217,25.991361437351216,125.99136143735122
73.26571836947356,26.73428163052644,1.612672066021645,28.346953696548084,128.3469536965481
73.63157113455479,26.36842886544521,-0.3658527650812289,26.00257610036398,126.00257610036398
73.24720799583805,26.752792004161947,0.38436313871673633,27.137155142878683,127.13715514287868
73.17732897680688,26.822671023193124,0.06987901903117688,26.8925500422243,126.8925500422243
74.4640629461114,25.535937053888603,-1.286733969304521,24.24920308458408,124.24920308458408
73.68046177509761,26.319538224902388,0.7836011710137853,27.103139395916173,127.10313939591617
74.01557012990837,25.98442987009163,-0.33510835481075674,25.649321515280874,125.64932151528087
75.4975933205152,24.502406679484807,-1.4820231906068244,23.020383488877982,123.02038348887798
74.49898661040699,25.501013389593012,0.9986067101082057,26.499620099701218,126.49962009970122
74.98704709030136,25.01295290969864,-0.4880604798943722,24.524892429804268,124.52489242980427
75.55861102081506,24.441388979184936,-0.5715639305137046,23.86982504867123,123.86982504867123
74.90943378155333,25.090566218446668,0.6491772392617321,25.7397434577084,125.7397434577084
75.5304004710865,24.469599528913506,-0.6209666895331623,23.848632839380343,123.84863283938034
75.57444196619923,24.42555803380077,-0.044041495112736584,24.381516538688032,124.38151653868803
74.98671605050238,25.01328394949762,0.5877259156968506,25.60100986519447,125.60100986519447
74.9475308238641,25.0524691761359,0.03918522663828128,25.091654402774182,125.09165440277418
75.46784054043319,24.532159459566813,-0.5203097165690878,24.011849742997725,124.01184974299773
75.06117505189849,24.938824948101512,0.4066654885346992,25.34549043663621,125.34549043663621
76.16193633233158,23.838063667668422,-1.1007612804330904,22.73730238723533,122.73730238723533
75.7550233349091,24.244976665090903,0.40691299742248077,24.651889662513383,124.65188966251338
76.17383908815252,23.82616091184748,-0.4188157532434218,23.40734515860406,123.40734515860406
75.6090516223058,24.3909483776942,0.5647874658467202,24.95573584354092,124.95573584354092
75.48321169209176,24.516788307908243,0.12583993021404183,24.642628238122285,124.64262823812228
75.74544195021969,24.254558049780314,-0.26223025812792855,23.992327791652386,123.99232779165239
75.17265734834513,24.827342651654874,0.5727846018745595,25.400127253529433,125.40012725352943
75.4150834135323,24.5849165864677,-0.2424260651871748,24.342490521280524,124.34249052128052
75.54574308426571,24.45425691573429,-0.130659670733408,24.323597245000883,124.32359724500088
75.70676745600483,24.293232543995174,-0.1610243717391171,24.132208172256057,124.13220817225606
77.60808610079081,22.391913899209186,-1.901318644785988,20.490595254423198,120.4905952544232
79.88620189817351,20.11379810182649,-2.2781157973826964,17.835682304443793,117.8356823044438
79.50736477638554,20.492635223614457,0.37883712178796713,20.871472345402424,120.87147234540242
79.12226477501773,20.877735224982274,0.3851000013678174,21.26283522635009,121.26283522635009
76.33174971450464,23.66825028549536,2.790515060513087,26.458765346008448,126.45876534600845
75.16589740283152,24.83410259716848,1.1658523116731203,25.9999549088416,125.9999549088416
75.49075465528347,24.509245344716533,-0.32485725245194885,24.184388092264584,124.18438809226458
73.16735289538113,26.83264710461887,2.323401759902339,29.15604886452121,129.1560488645212
72.3802001864014,27.619799813598604,0.7871527089797326,28.406952522578337,128.40695252257834
72.77293246790296,27.22706753209704,-0.3927322815015657,26.834335250595473,126.83433525059547
72.98906344648636,27.010936553513645,-0.21613097858339358,26.79480557493025,126.79480557493025
74.27914274277332,25.720857257226683,-1.2900792962869616,24.43077796093972,124.43077796093972
73.06176546625112,26.938234533748883,1.2173772765221997,28.155611810271083,128.15561181027107
71.87073601193778,28.12926398806222,1.1910294543133375,29.320293442375558,129.32029344237554
72.40244390352161,27.597556096478385,-0.5317078915838351,27.06584820489455,127.06584820489455
72.05564534147658,27.944354658523423,0.3467985620450378,28.29115322056846,128.29115322056845
71.15012594307973,28.84987405692027,0.9055193983968479,29.75539345531712,129.75539345531712
70.6544333277925,29.345566672207497,0.49569261528722564,29.841259287494722,129.84125928749472
71.5144332548617,28.4855667451383,-0.8599999270691967,27.625566818069103,127.6255668180691
70.76227899061999,29.23772100938001,0.7521542642417103,29.98987527362172,129.98987527362172
71.22116783613012,28.77883216386988,-0.4588888455101312,28.319943318359748,128.31994331835975
69.2799066341183,30.720093365881695,1.941261202011816,32.66135456789351,132.6613545678935
68.28395799208836,31.71604200791164,0.9959486420299442,32.71199064994158,132.71199064994158
68.78454594524388,31.215454054756123,-0.5005879531555166,30.714866101600606,130.7148661016006
69.06984045961828,30.930159540381723,-0.28529451437439945,30.644865026007324,130.64486502600732
68.80097109898222,31.199028901017783,0.26886936063606015,31.467898261653843,131.46789826165383
69.79674242349225,30.203257576507752,-0.9957713245100308,29.20748625199772,129.20748625199772
68.41635712226864,31.583642877731364,1.3803853012236118,32.964028178954976,132.96402817895498
66.4802695349992,33.519730465000805,1.9360875872694407,35.455818052270246,135.45581805227025
66.68134119905497,33.31865880094503,-0.2010716640557746,33.117587136889256,133.11758713688926
65.39051894573382,34.60948105426618,1.2908222533211529,35.900303307587336,135.90030330758734
65.76997142094683,34.23002857905317,-0.3794524752130144,33.850576103840154,133.85057610384015
65.71671174006029,34.28328825993971,0.05325968088654065,34.33654794082625,134.33654794082625
65.47707095498667,34.52292904501333,0.2396407850736182,34.762569830086946,134.76256983008693
65.60470972074882,34.395290279251185,-0.12763876576214273,34.26765151348904,134.26765151348906
65.7305669516097,34.2694330483903,-0.12585723086088763,34.14357581752941,134.1435758175294
65.81706090112621,34.18293909887379,-0.0864939495165089,34.09644514935728,134.0964451493573
64.14278696711204,35.857213032887955,1.6742739340141668,37.53148696690212,137.53148696690212
63.48690935363717,36.51309064636283,0.6558776134748783,37.16896825983771,137.1689682598377
62.606941529102244,37.393058470897756,0.8799678245349227,38.27302629543268,138.2730262954327
61.97321973691858,38.02678026308142,0.633721792183664,38.660502055265084,138.66050205526508
61.840742531472536,38.159257468527464,0.1324772054460439,38.29173467397351,138.2917346739735
60.52111726666701,39.47888273333299,1.3196252648055236,40.79850799813851,140.79850799813852
60.282986721791474,39.717013278208526,0.23813054487553842,39.955143823084065,139.95514382308406
59.533543641181254,40.466456358818746,0.7494430806102201,41.215899439428966,141.21589943942897
60.25244170101768,39.74755829898232,-0.7188980598364267,39.02866023914589,139.0286602391459
60.16562639561902,39.83437360438098,0.08681530539865889,39.92118890977964,139.92118890977963
58.69324802803045,41.30675197196955,1.4723783675885684,42.779130339558115,142.77913033955812
58.25954935122216,41.74045064877784,0.4336986768082909,42.17414932558613,142.17414932558614
57.026442192662365,42.973557807337635,1.2331071585597968,44.20666496589743,144.20666496589743
57.04577667500593,42.95422332499407,-0.019334482343566606,42.9348888426505,142.9348888426505
57.21721649835104,42.78278350164896,-0.17143982334511065,42.61134367830385,142.61134367830385
57.36699911225509,42.63300088774491,-0.14978261390404413,42.48321827384087,142.48321827384086
58.290513401536174,41.709486598463826,-0.923514289281087,40.78597230918274,140.78597230918274
58.26421349953228,41.73578650046772,0.026299902003891873,41.76208640247161,141.7620864024716
59.34981253660503,40.65018746339497,-1.0855990370727469,39.564588426322224,139.56458842632222
60.65988003859948,39.34011996140052,-1.3100675019944532,38.030052459406065,138.03005245940608
61.368355527018245,38.631644472981755,-0.7084754884187632,37.92316898456299,137.923168984563
59.51116661665553,40.48883338334447,1.8571889103627157,42.346022293707186,142.3460222937072
59.466792740602926,40.533207259397074,0.04437387605260312,40.57758113544968,140.5775811354497
59.85856483802815,40.14143516197185,-0.3917720974252248,39.749663064546624,139.7496630645466
60.35459858568009,39.64540141431991,-0.49603374765193564,39.14936766666798,139.14936766666798
58.4234182719604,41.5765817280396,1.9311803137196861,43.507762041759285,143.5077620417593
59.234624799491755,40.765375200508245,-0.811206527531354,39.95416867297689,139.9541686729769
58.32607919068128,41.67392080931872,0.9085456088104777,42.5824664181292,142.5824664181292
58.49329844097979,41.50670155902021,-0.16721925029851548,41.33948230872169,141.3394823087217
57.45295024477303,42.54704975522697,1.0403481962067644,43.587397951433736,143.58739795143373
56.70119686550704,43.29880313449296,0.7517533792659847,44.05055651375894,144.05055651375895
57.65451610215825,42.34548389784175,-0.953319236651204,41.39216466119055,141.39216466119055
58.320529729623196,41.679470270376804,-0.6660136274649489,41.013456642911855,141.01345664291185
58.540777498597016,41.459222501402984,-0.22024776897382026,41.23897473242916,141.23897473242917
59.301772335217606,40.698227664782394,-0.7609948366205899,39.937232828161804,139.9372328281618
59.02399826645497,40.97600173354503,0.2777740687626391,41.25377580230767,141.25377580230767
59.584767527633396,40.415232472366604,-0.5607692611784287,39.854463211188175,139.85446321118818
59.30994390898642,40.69005609101358,0.2748236186469768,40.96487970966056,140.96487970966055
59.763198863639474,40.236801136360526,-0.45325495465305465,39.78354618170747,139.78354618170746
60.0275640382107,39.9724359617893,-0.26436517457122477,39.70807078721808,139.70807078721808
59.29163508583643,40.70836491416357,0.735928952374266,41.44429386653783,141.44429386653783
58.84478689997595,41.15521310002405,0.4468481858604818,41.60206128588453,141.60206128588453
58.9493260786084,41.0506739213916,-0.1045391786324501,40.94613474275915,140.94613474275914
59.34271334995812,40.65728665004188,-0.3933872713497166,40.263899378692166,140.26389937869217
59.511043551240036,40.488956448759964,-0.16833020128191833,40.320626247478046,140.32062624747806
59.10236389113058,40.89763610886942,0.4086796601094562,41.30631576897888,141.3063157689789
59.108032714094314,40.891967285905686,-0.005668822963734499,40.88629846294195,140.88629846294197
59.09100874505333,40.90899125494667,0.017023969040984355,40.926015223987655,140.92601522398766
59.93138792822833,40.06861207177167,-0.8403791831750027,39.228232888596665,139.22823288859666
58.91705115819668,41.08294884180332,1.0143367700316546,42.09728561183498,142.097285611835
59.03907337951107,40.96092662048893,-0.12202222131439555,40.83890439917453,140.83890439917454
58.47418880704889,41.52581119295111,0.5648845724621836,42.090695765413294,142.0906957654133
59.15737326365584,40.84262673634416,-0.683184456606952,40.159442279737206,140.15944227973722
59.80086724829226,40.19913275170774,-0.6434939846364216,39.555638767071315,139.55563876707131
59.0783553180767,40.9216446819233,0.7225119302155605,41.64415661213886,141.64415661213886
58.92750227559578,41.07249772440422,0.15085304248092513,41.22335076688515,141.22335076688515
58.89603049279353,41.10396950720647,0.03147178280224949,41.13544129000872,141.1354412900087
58.09352253023644,41.90647746976356,0.8025079625570868,42.708985432320645,142.70898543232065
58.02387196672532,41.97612803327468,0.06965056351111798,42.045778596785794,142.0457785967858
57.166950993097224,42.833049006902776,0.8569209736280996,43.689969980530876,143.68996998053086
58.39238559788663,41.60761440211337,-1.225434604789406,40.382179797323964,140.38217979732397
59.077397339774976,40.922602660225024,-0.6850117418883457,40.23759091833668,140.23759091833668
58.47507679287879,41.52492320712121,0.6023205468961876,42.1272437540174,142.1272437540174
59.318549063575475,40.681450936424525,-0.8434722706966866,39.83797866572784,139.83797866572783
57.85239460291914,42.14760539708086,1.466154460656334,43.61375985773719,143.6137598577372
57.62195671555861,42.37804328444139,0.23043788736053017,42.60848117180192,142.6084811718019
58.53737305574329,41.46262694425671,-0.9154163401846773,40.547210604072035,140.54721060407203
58.55157157564129,41.44842842435871,-0.01419851989800236,41.43422990446071,141.43422990446072
58.36302006720895,41.63697993279105,0.18855150843234014,41.82553144122339,141.8255314412234
56.80687494629987,43.19312505370013,1.556145120909079,44.74927017460921,144.7492701746092
58.26089691843107,41.73910308156893,-1.4540219721312013,40.285081109437726,140.28508110943773
57.84411361444801,42.15588638555199,0.41678330398305974,42.57266968953505,142.57266968953505
58.20101581560865,41.79898418439135,-0.3569022011606364,41.442081983230715,141.4420819832307
58.38018909029194,41.61981090970806,-0.17917327468329347,41.440637635024764,141.44063763502476
58.63544305371761,41.36455694628239,-0.2552539634256661,41.109302982856725,141.10930298285672
58.50251493697742,41.49748506302258,0.13292811674018878,41.63041317976277,141.63041317976277
58.585387907973555,41.414612092026445,-0.08287297099613511,41.33173912103031,141.3317391210303
58.81380936448954,41.18619063551046,-0.22842145651598855,40.95776917899447,140.95776917899445
59.70849843969035,40.29150156030965,-0.8946890752008088,39.39681248510884,139.39681248510885
60.169419976632895,39.830580023367105,-0.4609215369425428,39.36965848642456,139.36965848642456
59.305735961826144,40.694264038173856,0.8636840148067506,41.557948052980606,141.5579480529806
58.49305376454308,41.50694623545692,0.8126821972830669,42.31962843273999,142.31962843274
59.39739160917215,40.60260839082785,-0.904337844629076,39.69827054619877,139.69827054619878
60.145440903172,39.854559096828,-0.7480492939998484,39.10650980282815,139.10650980282816
59.88124758411485,40.11875241588515,0.26419331905714927,40.3829457349423,140.3829457349423
59.4708450202255,40.5291549797745,0.41040256388935603,40.93955754366386,140.93955754366385
59.09513212273316,40.90486787726684,0.3757128974923347,41.28058077475917,141.2805807747592
60.38724091392985,39.61275908607015,-1.2921087911966893,38.32065029487346,138.32065029487347
61.57073567875657,38.42926432124343,-1.183494764826719,37.24576955641671,137.24576955641672
61.216063994472115,38.783936005527885,0.3546716842844546,39.13860768981234,139.13860768981235
61.39060159538386,38.60939840461614,-0.17453760091174786,38.43486080370439,138.4348608037044
60.054359737956695,39.945640262043305,1.3362418574271686,41.281882119470474,141.28188211947048
59.32970354099019,40.67029645900981,0.7246561969665066,41.39495265597632,141.3949526559763
59.989914406411515,40.010085593588485,-0.6602108654213268,39.34987472816716,139.34987472816715
60.799105852277734,39.200894147722266,-0.8091914458662188,38.39170270185605,138.39170270185605
59.560917502096636,40.439082497903364,1.2381883501810975,41.67727084808446,141.67727084808445
58.710389134686366,41.289610865313634,0.8505283674102699,42.140139232723904,142.1401392327239
59.19499104079027,40.80500895920973,-0.4846019061039044,40.320407053105825,140.32040705310584
60.05043082714769,39.94956917285231,-0.8554397863574223,39.094129386494885,139.0941293864949
59.84317343239638,40.15682656760362,0.20725739475131633,40.36408396235494,140.36408396235493
60.56050683240498,39.43949316759502,-0.7173334000086058,38.72215976758641,138.72215976758642
61.25089182744876,38.74910817255124,-0.6903849950437788,38.05872317750746,138.05872317750746
61.477510545871425,38.522489454128575,-0.2266187184226638,38.29587073570591,138.2958707357059
61.82650570198503,38.17349429801497,-0.34899515611360243,37.82449914190137,137.82449914190136
61.834665515907005,38.165334484092995,-0.008159813921977843,38.15717467017102,138.157174670171
61.062163029800395,38.937836970199605,0.7725024861066103,39.710339456306215,139.7103394563062
60.61087478550557,39.38912521449443,0.4512882442948225,39.84041345878925,139.84041345878924
60.871190222635406,39.128809777364594,-0.26031543712983307,38.86849434023476,138.86849434023475
60.19537867377649,39.80462132622351,0.6758115488589169,40.48043287508243,140.48043287508244
60.27264933397953,39.72735066602047,-0.07727066020304107,39.65008000581743,139.65008000581741
60.01701960096247,39.98298039903753,0.2556297330170594,40.23861013205459,140.2386101320546
60.1229844437955,39.8770155562045,-0.10596484283303198,39.771050713371466,139.77105071337147
59.96774790864444,40.03225209135556,0.15523653515106162,40.18748862650662,140.18748862650662
61.747931275404845,38.252068724595155,-1.7801833667604043,36.47188535783475,136.47188535783476
63.89009233273353,36.10990766726647,-2.1421610573286856,33.967746609937784,133.9677466099378
63.405523676072406,36.594476323927594,0.4845686566611249,37.07904498058872,137.07904498058872
62.95578863345009,37.04421136654991,0.449735042622315,37.493946409172224,137.49394640917222
61.349702734229574,38.650297265770426,1.606085899220517,40.25638316499094,140.25638316499095
60.88264185706819,39.11735814293181,0.4670608771613871,39.5844190200932,139.5844190200932
61.77153335097285,38.22846664902715,-0.8888914939046657,37.33957515512248,137.33957515512247
60.9568395422118,39.0431604577882,0.8146938087610494,39.857854266549246,139.85785426654925
60.82334098915295,39.17665901084705,0.13349855305884972,39.310157563905896,139.3101575639059
61.11699694696702,38.88300305303298,-0.2936559578140674,38.58934709521891,138.5893470952189
61.33198672366213,38.66801327633787,-0.21498977669511277,38.453023499642754,138.45302349964277
63.15200577568514,36.84799422431486,-1.8200190520230066,35.02797517229185,135.02797517229186
63.96530335791759,36.03469664208241,-0.8132975822324511,35.22139905984996,135.22139905984994
64.80432689837163,35.19567310162837,-0.8390235404540363,34.356649561174336,134.35664956117432
65.2226912674792,34.777308732520794,-0.4183643691075787,34.358944363413215,134.35894436341323
64.91734148642647,35.082658513573534,0.30534978105274035,35.388008294626275,135.38800829462627
65.05850357152696,34.941496428473044,-0.14116208510048978,34.800334343372555,134.80033434337255
64.5466045119567,35.4533954880433,0.5118990595702542,35.96529454761355,135.96529454761355
65.82900325230781,34.170996747692186,-1.2823987403511126,32.88859800734107,132.88859800734107
65.3154886127458,34.684511387254204,0.5135146395620183,35.19802602681622,135.19802602681622
64.58363320230477,35.41636679769523,0.7318554104410282,36.14822220813626,136.14822220813625
65.81630126456905,34.18369873543095,-1.2326680622642812,32.95103067316667,132.95103067316666
65.45912025391843,34.54087974608157,0.3571810106506206,34.89806075673219,134.8980607567322
65.09751768975896,34.90248231024104,0.3616025641594689,35.26408487440051,135.2640848744005
66.39987100046837,33.600128999531634,-1.3023533107094067,32.29777568882223,132.29777568882224
66.11830438650658,33.88169561349342,0.28156661396178606,34.163262227455206,134.16326222745522
67.41529531695399,32.58470468304601,-1.2969909304474072,31.287713752598606,131.28771375259862
68.50668391471677,31.493316085283226,-1.091388597762787,30.40192748752044,130.40192748752042
68.65034399339173,31.34965600660827,-0.14366007867495512,31.205995927933316,131.20599592793332
66.96649307780187,33.03350692219813,1.6838509155898578,34.717357837787986,134.71735783778797
66.62416590064001,33.37583409935999,0.342327177161863,33.718161276521855,133.71816127652187
66.34799434836272,33.65200565163728,0.2761715522772903,33.92817720391457,133.92817720391457
65.72942847928857,34.27057152071143,0.6185658690741462,34.889137389785574,134.88913738978556
65.91978719798132,34.08021280201868,-0.19035871869274956,33.88985408332593,133.88985408332593
65.25342801666034,34.74657198333966,0.6663591813209848,35.41293116466065,135.41293116466065
66.66526057965936,33.33473942034064,-1.4118325629990238,31.922906857341616,131.92290685734162
67.4773039269133,32.522696073086706,-0.8120433472539332,31.710652725832773,131.71065272583277
66.97984490836738,33.02015509163262,0.4974590185459107,33.51761411017853,133.51761411017853
66.38904134109394,33.61095865890606,0.59080356727344,34.2017622261795,134.20176222617948
68.67623064338102,31.323769356618982,-2.287189302287075,29.036580054331907,129.03658005433192
69.46540649415171,30.534593505848292,-0.7891758507706896,29.745417655077603,129.7454176550776
69.72437914241144,30.275620857588564,-0.25897264825972854,30.016648209328835,130.01664820932882
70.22167493827286,29.778325061727145,-0.4972957958614188,29.281029265865726,129.28102926586573
69.71693342766895,30.28306657233105,0.5047415106039068,30.78780808293496,130.78780808293496
69.97008155485551,30.02991844514449,-0.253148127186563,29.776770317957926,129.77677031795793
69.72001801087822,30.27998198912178,0.2500635439772907,30.53004553309907,130.53004553309907
69.78306979965802,30.216930200341977,-0.06305178877980211,30.153878411562175,130.15387841156218
71.57064653119535,28.42935346880465,-1.787576731537328,26.64177673726732,126.64177673726732
71.63436599905424,28.36563400094576,-0.06371946785888838,28.301914533086872,128.30191453308686
70.11497120721116,29.885028792788844,1.5193947918430837,31.404423584631928,131.40442358463193
71.45058855916598,28.54941144083402,-1.3356173519548236,27.213794088879197,127.2137940888792
72.55186612581319,27.44813387418681,-1.1012775666472123,26.346856307539596,126.3468563075396
72.30506212612113,27.69493787387887,0.24680399969206235,27.941741873570933,127.94174187357093
73.13191511798772,26.868084882012283,-0.8268529918665877,26.041231890145696,126.0412318901457
72.51705230865807,27.482947691341934,0.6148628093296509,28.097810500671585,128.09781050067159
71.1932159821585,28.806784017841494,1.3238363264995598,30.130620344341054,130.13062034434105
71.50204342132946,28.49795657867054,-0.3088274391709547,28.189129139499585,128.18912913949958
70.87415952679916,29.12584047320084,0.6278838945302994,29.753724367731138,129.75372436773114
71.38034791938085,28.619652080619147,-0.5061883925816915,28.113463688037456,128.11346368803746
69.96099480574976,30.039005194250237,1.4193531136310895,31.458358307881326,131.45835830788133
70.50266741545259,29.497332584547408,-0.5416726097028288,28.95565997484458,128.9556599748446
69.94489675595567,30.055103244044332,0.5577706594969243,30.612873903541256,130.61287390354124
69.83958337484458,30.16041662515542,0.10531338111108823,30.26573000626651,130.2657300062665
69.36298394729134,30.63701605270866,0.47659942755323925,31.1136154802619,131.1136154802619
69.09484303049143,30.905156969508567,0.2681409167999078,31.173297886308475,131.1732978863085
68.33429432728362,31.665705672716385,0.7605487032078173,32.4262543759242,132.4262543759242
67.9109773821631,32.0890226178369,0.42331694512051854,32.51233956295742,132.51233956295744
67.98517680886367,32.01482319113633,-0.07419942670057367,31.940623764435756,131.94062376443577
67.07356055143808,32.92643944856192,0.9116162574255924,33.838055705987514,133.83805570598753
67.32772069762599,32.67227930237401,-0.25416014618791394,32.418119156186094,132.4181191561861
65.71584122927571,34.28415877072429,1.6118794683502813,35.89603823907457,135.89603823907458
64.40667208604098,35.593327913959016,1.309169143234726,36.90249705719374,136.90249705719373
64.50071421930022,35.49928578069978,-0.0940421332592365,35.40524364744054,135.40524364744056
64.96273659125752,35.037263408742476,-0.46202237195730333,34.57524103678517,134.57524103678517
64.06476146647128,35.93523853352872,0.8979751247862424,36.83321365831496,136.83321365831495
62.48209175983194,37.51790824016806,1.5826697066393436,39.100577946807405,139.1005779468074
63.53458565640368,36.46541434359632,-1.0524938965717396,35.41292044702458,135.4129204470246
64.03379430196821,35.966205698031786,-0.49920864556453637,35.46699705246725,135.46699705246726
62.97460106696982,37.02539893303018,1.0591932349983963,38.08459216802858,138.08459216802856
63.15497951999897,36.84502048000103,-0.18037845302914945,36.66464202697188,136.66464202697188
62.651017107382366,37.348982892617634,0.5039624126166018,37.852945305234236,137.85294530523424
63.05786006980144,36.94213993019856,-0.406842962419077,36.53529696777948,136.5352969677795
62.84697892521888,37.15302107478112,0.21088114458256513,37.36390221936369,137.3639022193637
63.306385004733556,36.693614995266444,-0.4594060795146788,36.234208915751765,136.23420891575176
63.91054912493095,36.08945087506905,-0.604164120197396,35.48528675487165,135.48528675487165
64.34196215114969,35.65803784885031,-0.4314130262187348,35.22662482263158,135.22662482263158
63.647893355263875,36.352106644736125,0.694068795885812,37.04617544062194,137.04617544062194
63.80765074865842,36.19234925134158,-0.15975739339454265,36.03259185794704,136.03259185794704
64.35142110032129,35.64857889967871,-0.5437703516628716,35.10480854801584,135.10480854801585
64.01908040059332,35.980919599406676,0.33234069972796476,36.31326029913464,136.31326029913464
63.274681745630105,36.725318254369895,0.74439865496322,37.469716909333115,137.4697169093331
62.415070145243135,37.584929854756865,0.8596116003869696,38.444541455143835,138.44454145514385
62.24394188568078,37.75605811431922,0.17112825956235156,37.92718637388157,137.92718637388157
63.90198694868919,36.09801305131081,-1.6580450630084087,34.4399679883024,134.43996798830239
63.23003708110741,36.76996291889259,0.6719498675817803,37.44191278647437,137.44191278647438
63.439464070346176,36.560535929653824,-0.20942698923876435,36.35110894041506,136.35110894041506
62.750045230559756,37.249954769440244,0.6894188397864198,37.939373609226664,137.93937360922666
62.430031779044214,37.569968220955786,0.3200134515155426,37.88998167247133,137.88998167247132
61.85076410984477,38.14923589015523,0.5792676691994458,38.72850355935468,138.7285035593547
62.685777972349385,37.314222027650615,-0.8350138625046171,36.479208165146,136.479208165146
62.19685031768404,37.80314968231596,0.48892765466534627,38.29207733698131,138.29207733698132
61.806634620796665,38.193365379203335,0.390215696887374,38.58358107609071,138.5835810760907
61.02336304487261,38.97663695512739,0.7832715759240543,39.759908531051444,139.75990853105145
59.75199249627926,40.24800750372074,1.271370548593353,41.519378052314096,141.5193780523141
58.92865633512486,41.07134366487514,0.8233361611543941,41.89467982602953,141.89467982602952
58.396875014226794,41.603124985773206,0.5317813208980695,42.134906306671276,142.13490630667127
57.87778908019293,42.12221091980707,0.5190859340338605,42.64129685384093,142.6412968538409
58.50387936300244,41.49612063699756,-0.626090282809507,40.87003035418805,140.87003035418806
59.0338952422824,40.9661047577176,-0.5300158792799579,40.436088878437644,140.43608887843766
59.59778739762231,40.40221260237769,-0.5638921553399143,39.83832044703777,139.83832044703777
61.17552560541611,38.82447439458389,-1.5777382077938,37.24673618679009,137.2467361867901
62.53115625169475,37.46884374830525,-1.355630646278641,36.113213102026606,136.1132131020266
62.80018778255884,37.19981221744116,-0.2690315308640834,36.93078068657708,136.93078068657707
62.70355726130169,37.29644273869831,0.096630521257147,37.39307325995546,137.39307325995546
61.85804169778601,38.14195830221399,0.8455155635156828,38.987473865729676,138.98747386572967
61.99679364572886,38.00320635427114,-0.1387519479428505,37.86445440632829,137.8644544063283
60.94070895828557,39.05929104171443,1.0560846874432883,40.11537572915772,140.11537572915773
61.475053266674884,38.524946733325116,-0.5343443083893149,37.9906024249358,137.9906024249358
62.06795839286683,37.93204160713317,-0.592905126191944,37.33913648094123,137.33913648094122
63.822389881270446,36.177610118729554,-1.7544314884036183,34.423178630325936,134.42317863032594
63.47307833434751,36.52692166565249,0.34931154692293376,36.87623321257542,136.8762332125754
62.997868417094416,37.002131582905584,0.47520991725309614,37.47734150015868,137.47734150015867
62.016441193148566,37.983558806851434,0.9814272239458504,38.964986030797284,138.9649860307973
62.469012689268986,37.530987310731014,-0.45257149612042014,37.078415814610594,137.0784158146106
63.68535035470689,36.31464964529311,-1.216337665437905,35.098311979855204,135.0983119798552
63.90064518249841,36.09935481750159,-0.2152948277915172,35.884059989710074,135.88405998971007
63.37736048970627,36.62263951029373,0.5232846927921386,37.14592420308587,137.14592420308588
64.68851790088793,35.31148209911207,-1.3111574111816608,34.00032468793041,134.0003246879304
65.63546346662005,34.36453653337995,-0.946945565732122,33.417590967647826,133.4175909676478
64.38445425128288,35.615545748717125,1.2510092153371772,36.8665549640543,136.8665549640543
64.09179719499683,35.90820280500317,0.2926570562860462,36.20085986128922,136.20085986128922
63.77388639698388,36.22611360301612,0.31791079801294586,36.54402440102906,136.54402440102905
64.27933889129375,35.72066110870625,-0.5054524943098642,35.21520861439639,135.21520861439637
65.54712874583618,34.452871254163824,-1.2677898545424284,33.185081399621396,133.1850813996214
64.20480584548032,35.79519415451968,1.3423229003558532,37.13751705487553,137.13751705487553
64.14258405063451,35.85741594936549,0.06222179484581147,35.9196377442113,135.9196377442113
63.99164117008392,36.00835882991608,0.1509428805505877,36.159301710466664,136.15930171046665
63.77985423095808,36.22014576904192,0.2117869391258438,36.431932708167764,136.43193270816778
63.46580165370269,36.53419834629731,0.3140525772553886,36.8482509235527,136.8482509235527
62.56532113369789,37.43467886630211,0.9004805200047983,38.335159386306906,138.3351593863069
62.037567342455745,37.962432657544255,0.5277537912421479,38.4901864487864,138.4901864487864
60.96176570902316,39.03823429097684,1.075801633432583,40.11403592440942,140.11403592440942
61.54066221487658,38.45933778512342,-0.5788965058534217,37.880441279269995,137.88044127927
61.24018689785354,38.75981310214646,0.300475317023043,39.0602884191695,139.0602884191695
61.79253147248078,38.20746852751922,-0.5523445746272415,37.65512395289198,137.65512395289198
61.60332081846506,38.39667918153494,0.18921065401572434,38.58588983555067,138.58588983555066
62.18456697021541,37.81543302978459,-0.5812461517503493,37.234186878034244,137.23418687803425
61.70601859742867,38.29398140257133,0.4785483727867401,38.77252977535807,138.77252977535807
62.36284169076666,37.63715830923334,-0.6568230933379908,36.98033521589535,136.98033521589537
61.84996555281687,38.15003444718313,0.5128761379497888,38.66291058513292,138.66291058513292
62.39474777915927,37.60525222084073,-0.5447822263423987,37.060469994498334,137.06046999449833
62.98893653689901,37.01106346310099,-0.5941887577397438,36.416874705361245,136.41687470536124
61.5993344845622,38.4006655154378,1.3896020523368122,39.79026756777461,139.7902675677746
61.593740566683906,38.406259433316094,0.005593917878293553,38.41185335119439,138.4118533511944
61.229527089859246,38.770472910140754,0.3642134768246592,39.13468638696541,139.13468638696543
62.03800961723337,37.96199038276663,-0.8084825273741245,37.153507855392505,137.1535078553925
61.929230695166346,38.070769304833654,0.10877892206702455,38.17954822690068,138.1795482269007
61.76467815545779,38.23532184454221,0.1645525397085592,38.39987438425077,138.39987438425078
62.06762150729656,37.93237849270344,-0.3029433518387705,37.62943514086467,137.62943514086467
62.882929629382375,37.117070370617625,-0.8153081220858169,36.30176224853181,136.30176224853182
63.03909195464277,36.96090804535723,-0.15616232526039653,36.80474572009683,136.80474572009683
62.668353398534016,37.331646601465984,0.37073855610875484,37.70238515757474,137.70238515757472
63.64484761196684,36.35515238803316,-0.9764942134328223,35.37865817460034,135.37865817460033
63.304311390182185,36.695688609817815,0.34053622178465304,37.03622483160247,137.03622483160245
65.14892207914855,34.85107792085145,-1.8446106889663625,33.00646723188509,133.0064672318851
64.94835172695127,35.05164827304873,0.20057035219727481,35.252218625246,135.252218625246
65.53505403061305,34.464945969386946,-0.5867023036617809,33.878243665725165,133.87824366572517
65.20756214360419,34.79243785639581,0.3274918870088612,35.11992974340467,135.11992974340467
64.48269774598539,35.51730225401461,0.7248643976188021,36.24216665163341,136.2421666516334
64.45069208296962,35.549307917030376,0.03200566301576657,35.58131358004614,135.58131358004613
65.28669560606262,34.71330439393738,-0.8360035230929981,33.87730087084438,133.87730087084438
65.87709220601535,34.12290779398465,-0.5903965999527259,33.532511194031926,133.53251119403194
66.15062380688104,33.84937619311896,-0.27353160086569517,33.57584459225326,133.57584459225325
67.10753271553888,32.89246728446112,-0.9569089086578373,31.935558375803282,131.93555837580328
68.46539595753275,31.53460404246725,-1.3578632419938685,30.176740800473382,130.1767408004734
69.01311295642881,30.986887043571187,-0.547716998896064,30.439170044675123,130.4391700446751
69.50377808363655,30.496221916363453,-0.49066512720773403,30.00555678915572,130.00555678915572
70.32443156221319,29.675568437786808,-0.8206534785766451,28.854914959210163,128.85491495921016
69.3599989267582,30.640001073241805,0.9644326354549975,31.604433708696803,131.6044337086968
69.03704353843798,30.962956461562015,0.3229553883202101,31.285911849882226,131.2859118498822
69.49395143645725,30.50604856354275,-0.4569078980192671,30.04914066552348,130.04914066552348
68.54292836557944,31.457071634420558,0.9510230708778096,32.40809470529837,132.40809470529837
69.45183840721589,30.548161592784112,-0.908910041636446,29.639251551147666,129.63925155114765
68.54495116289469,31.45504883710531,0.9068872443211973,32.36193608142651,132.3619360814265
68.25921645635191,31.740783543648092,0.2857347065427831,32.026518250190875,132.02651825019086
69.55442474024974,30.445575259750257,-1.2952082838978356,29.15036697585242,129.15036697585242
69.19374749434427,30.806252505655735,0.3606772459054781,31.166929751561213,131.1669297515612
68.93114504603052,31.068854953969478,0.2626024483137428,31.33145740228322,131.3314574022832
68.71257338664272,31.287426613357283,0.21857165938780554,31.50599827274509,131.5059982727451
69.00754483545902,30.992455164540985,-0.2949714488162982,30.697483715724687,130.69748371572467
68.06386231288903,31.93613768711097,0.9436825225699863,32.87982020968096,132.87982020968096
67.69349542319245,32.306504576807555,0.3703668896965837,32.67687146650414,132.67687146650414
68.43972284686333,31.560277153136667,-0.7462274236708879,30.81404972946578,130.81404972946578
69.47327448146014,30.526725518539862,-1.0335516345968045,29.493173883943058,129.49317388394306
69.95480426432195,30.04519573567805,-0.4815297828618128,29.563665952816237,129.56366595281622
69.180272050587,30.819727949412993,0.7745322137349433,31.594260163147936,131.59426016314794
70.05322220952623,29.946777790473774,-0.8729501589392186,29.073827631534556,129.07382763153456
70.26909882617906,29.73090117382094,-0.2158766166528352,29.515024557168104,129.5150245571681
70.85486593495366,29.145134065046335,-0.5857671087746041,28.55936695627173,128.55936695627173
72.16571496737755,27.834285032622446,-1.3108490324238886,26.523436000198558,126.52343600019856
72.41360491913328,27.586395080866723,-0.24788995175572381,27.338505129111,127.338505129111
72.74339963992382,27.256600360076177,-0.32979472079054517,26.926805639285632,126.92680563928563
74.24342517463225,25.75657482536775,-1.5000255347084277,24.256549290659322,124.25654929065932
72.94265702422426,27.05734297577574,1.3007681504079898,28.35811112618373,128.35811112618373
72.0831435853985,27.916856414601497,0.8595134388257577,28.776369853427255,128.77636985342724
73.23983337917277,26.760166620827235,-1.1566897937742624,25.603476827052972,125.60347682705297
71.93695204844403,28.063047951555973,1.302881330728738,29.36592928228471,129.3659292822847
71.8777174481822,28.122282551817804,0.05923460026183136,28.181517152079635,128.18151715207964
71.26982759298328,28.730172407016724,0.6078898551989198,29.338062262215644,129.33806226221566
70.1909096255443,29.809090374455707,1.0789179674389828,30.88800834189469,130.8880083418947
69.25007194139584,30.749928058604155,0.9408376841484483,31.690765742752603,131.6907657427526
69.25762895337265,30.742371046627355,-0.007557011976800254,30.734814034650555,130.73481403465055
68.06690739005005,31.933092609949952,1.1907215633225974,33.12381417327255,133.12381417327254
68.28029736352174,31.71970263647826,-0.21338997347169197,31.506312663006568,131.50631266300655
67.62659599007608,32.37340400992392,0.6537013734456565,33.02710538336957,133.0271053833696
68.58793337921773,31.41206662078227,-0.9613373891416472,30.450729231640622,130.45072923164062
68.34831987346503,31.65168012653497,0.23961350575270046,31.89129363228767,131.89129363228767
67.67269618243581,32.327303817564186,0.6756236910292159,33.0029275085934,133.00292750859342
66.22284779127146,33.77715220872854,1.4498483911643518,35.22700059989289,135.2270005998929
66.20670637590277,33.79329362409723,0.0161414153686934,33.809435039465924,133.80943503946594
